years_of_experience,aerodynamics_score,technological_score,Leadership Score ,Leader,,,W1,W2,W3
4,45,10,540,1,,,5,10,7
6,29,7,369,0,,,,,
8,34,9,443,0,,,,,
5,50,9,588,1,,,,,
4,19,8,266,0,,,,,
7,12,10,225,0,,,,,
20,29,2,404,0,,,,,
5,9,8,171,0,,,,,
16,10,5,215,0,,,,,
11,23,8,341,0,,,,,
11,7,10,195,0,,,,,
2,45,4,488,1,,,,,
14,25,4,348,0,,,,,
1,38,3,406,0,,,,,
5,17,5,230,0,,,,,
8,23,10,340,0,,,,,
12,11,7,219,0,,,,,
7,6,7,144,0,,,,,
17,41,9,558,1,,,,,
9,33,2,389,0,,,,,
6,49,5,555,1,,,,,
0,6,5,95,0,,,,,
18,20,6,332,0,,,,,
20,34,7,489,1,,,,,
12,26,4,348,0,,,,,
10,32,5,405,0,,,,,
14,28,1,357,0,,,,,
13,45,4,543,1,,,,,
12,9,10,220,0,,,,,
18,35,7,489,1,,,,,
2,23,6,282,0,,,,,
14,30,7,419,0,,,,,
19,35,1,452,1,,,,,
9,48,9,588,1,,,,,
17,7,4,183,0,,,,,
12,6,1,127,0,,,,,
17,31,2,409,0,,,,,
4,37,1,397,0,,,,,
16,25,10,400,0,,,,,
0,42,2,434,0,,,,,
9,25,9,358,0,,,,,
3,42,8,491,1,,,,,
16,12,3,221,0,,,,,
20,24,2,354,0,,,,,
9,22,1,272,0,,,,,
5,13,3,176,0,,,,,
15,32,7,444,0,,,,,
6,28,7,359,0,,,,,
5,45,7,524,1,,,,,
4,6,1,87,0,,,,,
13,25,7,364,0,,,,,
12,34,5,435,0,,,,,
18,39,8,536,1,,,,,
5,15,5,210,0,,,,,
2,17,1,187,0,,,,,
12,26,10,390,0,,,,,
10,13,1,187,0,,,,,
11,11,6,207,0,,,,,
14,17,1,247,0,,,,,
14,19,3,281,0,,,,,
5,23,2,269,0,,,,,
14,21,5,315,0,,,,,
10,35,8,456,1,,,,,
15,48,8,611,1,,,,,
2,45,9,523,1,,,,,
13,32,2,399,0,,,,,
10,33,5,415,0,,,,,
12,50,2,574,1,,,,,
2,9,7,149,0,,,,,
13,6,3,146,0,,,,,
14,34,2,424,0,,,,,
12,12,8,236,0,,,,,
14,38,9,513,1,,,,,
18,49,8,636,1,,,,,
3,46,9,538,1,,,,,
1,29,9,358,0,,,,,
8,26,6,342,0,,,,,
1,43,6,477,1,,,,,
10,10,3,171,0,,,,,
9,29,6,377,0,,,,,
3,40,5,450,0,,,,,
3,18,1,202,0,,,,,
9,6,8,161,0,,,,,
10,34,9,453,1,,,,,
3,14,10,225,0,,,,,
19,21,8,361,0,,,,,
17,21,7,344,0,,,,,
1,34,10,415,0,,,,,
11,36,1,422,0,,,,,
8,45,10,560,1,,,,,
14,41,4,508,1,,,,,
13,11,5,210,0,,,,,
1,36,2,379,0,,,,,
20,12,3,241,0,,,,,
18,24,8,386,0,,,,,
11,50,8,611,1,,,,,
9,18,3,246,0,,,,,
16,16,2,254,0,,,,,
20,12,3,241,0,,,,,
3,26,10,345,0,,,,,
12,43,7,539,1,,,,,
17,12,6,247,0,,,,,
8,45,5,525,1,,,,,
3,28,5,330,0,,,,,
4,35,5,405,0,,,,,
20,49,6,632,1,,,,,
12,7,9,193,0,,,,,
14,22,10,360,0,,,,,
18,31,2,414,0,,,,,
6,16,3,211,0,,,,,
15,38,6,497,1,,,,,
18,46,8,606,1,,,,,
12,23,3,311,0,,,,,
11,39,3,466,1,,,,,
0,44,9,503,1,,,,,
17,13,1,222,0,,,,,
2,15,9,223,0,,,,,
2,45,8,516,1,,,,,
3,5,2,79,0,,,,,
13,44,9,568,1,,,,,
20,29,10,460,1,,,,,
3,12,7,184,0,,,,,
19,20,7,344,0,,,,,
11,10,2,169,0,,,,,
5,30,9,388,0,,,,,
20,38,7,529,1,,,,,
6,10,7,179,0,,,,,
7,5,9,148,0,,,,,
15,6,1,142,0,,,,,
2,21,5,255,0,,,,,
1,32,6,367,0,,,,,
12,34,2,414,0,,,,,
17,41,6,537,1,,,,,
0,42,2,434,0,,,,,
8,11,2,164,0,,,,,
4,33,5,385,0,,,,,
9,23,10,345,0,,,,,
16,16,1,247,0,,,,,
1,15,5,190,0,,,,,
20,25,1,357,0,,,,,
18,32,7,459,1,,,,,
13,42,8,541,1,,,,,
16,43,9,573,1,,,,,
12,19,3,271,0,,,,,
1,8,4,113,0,,,,,
13,34,8,461,1,,,,,
10,26,2,324,0,,,,,
19,35,9,508,1,,,,,
2,10,2,124,0,,,,,
8,34,5,415,0,,,,,
13,8,10,215,0,,,,,
20,33,5,465,1,,,,,
13,9,2,169,0,,,,,
17,8,10,235,0,,,,,
11,16,4,243,0,,,,,
11,25,6,347,0,,,,,
0,9,2,104,0,,,,,
6,42,4,478,1,,,,,
19,43,8,581,1,,,,,
10,14,3,211,0,,,,,
1,44,5,480,1,,,,,
5,38,8,461,1,,,,,
20,30,10,470,1,,,,,
4,7,5,125,0,,,,,
14,15,8,276,0,,,,,
13,36,3,446,0,,,,,
6,19,7,269,0,,,,,
20,48,9,643,1,,,,,
12,37,2,444,0,,,,,
15,26,6,377,0,,,,,
13,36,10,495,1,,,,,
10,18,9,293,0,,,,,
1,47,1,482,1,,,,,
9,22,8,321,0,,,,,
17,10,4,213,0,,,,,
9,42,9,528,1,,,,,
0,14,1,147,0,,,,,
1,31,2,329,0,,,,,
0,14,4,168,0,,,,,
3,28,9,358,0,,,,,
6,38,8,466,1,,,,,
15,34,3,436,0,,,,,
1,19,8,251,0,,,,,
19,15,7,294,0,,,,,
9,25,3,316,0,,,,,
15,31,3,406,0,,,,,
6,38,9,473,1,,,,,
12,32,10,450,0,,,,,
4,39,8,466,1,,,,,
6,34,9,433,0,,,,,
15,11,9,248,0,,,,,
19,48,2,589,1,,,,,
15,45,2,539,1,,,,,
19,9,5,220,0,,,,,
10,17,7,269,0,,,,,
15,34,6,457,1,,,,,
20,19,2,304,0,,,,,
3,18,6,237,0,,,,,
12,14,1,207,0,,,,,
12,46,10,590,1,,,,,
19,37,1,472,1,,,,,
18,44,1,537,1,,,,,
6,23,8,316,0,,,,,
10,10,7,199,0,,,,,
12,13,9,253,0,,,,,
6,9,4,148,0,,,,,
11,20,7,304,0,,,,,
16,32,4,428,0,,,,,
20,39,8,546,1,,,,,
5,36,5,420,0,,,,,
7,26,2,309,0,,,,,
2,44,4,478,1,,,,,
15,25,8,381,0,,,,,
4,42,1,447,0,,,,,
5,37,9,458,1,,,,,
14,41,4,508,1,,,,,
16,14,10,290,0,,,,,
5,16,3,206,0,,,,,
16,7,5,185,0,,,,,
12,45,7,559,1,,,,,
10,5,10,170,0,,,,,
0,6,10,130,0,,,,,
7,43,8,521,1,,,,,
16,34,9,483,1,,,,,
14,35,6,462,1,,,,,
8,7,8,166,0,,,,,
13,41,10,545,1,,,,,
15,15,6,267,0,,,,,
0,8,4,108,0,,,,,
13,42,1,492,1,,,,,
16,9,6,212,0,,,,,
15,50,1,582,1,,,,,
6,22,3,271,0,,,,,
11,50,4,583,1,,,,,
11,32,2,389,0,,,,,
17,14,1,232,0,,,,,
7,12,1,162,0,,,,,
1,48,10,555,1,,,,,
2,27,7,329,0,,,,,
9,21,6,297,0,,,,,
5,50,10,595,1,,,,,
11,11,1,172,0,,,,,
16,11,2,204,0,,,,,
1,35,2,369,0,,,,,
14,18,8,306,0,,,,,
4,32,6,382,0,,,,,
20,47,8,626,1,,,,,
5,17,5,230,0,,,,,
16,41,3,511,1,,,,,
11,21,8,321,0,,,,,
4,33,2,364,0,,,,,
7,29,10,395,0,,,,,
20,18,10,350,0,,,,,
17,40,6,527,1,,,,,
12,17,4,258,0,,,,,
19,43,6,567,1,,,,,
7,18,3,236,0,,,,,
16,37,8,506,1,,,,,
16,42,4,528,1,,,,,
7,39,4,453,1,,,,,
19,49,8,641,1,,,,,
18,25,9,403,0,,,,,
20,45,2,564,1,,,,,
19,8,2,189,0,,,,,
8,7,3,131,0,,,,,
20,11,3,231,0,,,,,
11,28,2,349,0,,,,,
14,28,1,357,0,,,,,
12,34,2,414,0,,,,,
20,28,3,401,0,,,,,
6,41,10,510,1,,,,,
8,10,8,196,0,,,,,
17,22,2,319,0,,,,,
6,25,3,301,0,,,,,
20,32,2,434,0,,,,,
5,16,3,206,0,,,,,
17,47,10,625,1,,,,,
2,31,6,362,0,,,,,
3,43,4,473,1,,,,,
8,17,1,217,0,,,,,
18,45,10,610,1,,,,,
2,48,2,504,1,,,,,
2,41,9,483,1,,,,,
4,28,6,342,0,,,,,
10,7,3,141,0,,,,,
16,8,4,188,0,,,,,
7,21,6,287,0,,,,,
7,39,3,446,0,,,,,
11,34,1,402,0,,,,,
15,15,7,274,0,,,,,
18,5,9,203,0,,,,,
11,10,2,169,0,,,,,
9,35,10,465,1,,,,,
7,21,9,308,0,,,,,
18,17,7,309,0,,,,,
2,22,10,300,0,,,,,
10,16,4,238,0,,,,,
13,22,7,334,0,,,,,
17,41,4,523,1,,,,,
2,16,1,177,0,,,,,
18,47,3,581,1,,,,,
6,6,6,132,0,,,,,
17,6,6,187,0,,,,,
7,23,1,272,0,,,,,
20,36,3,481,1,,,,,
3,28,4,323,0,,,,,
11,46,9,578,1,,,,,
1,44,3,466,1,,,,,
5,6,8,141,0,,,,,
19,18,4,303,0,,,,,
2,9,8,156,0,,,,,
3,44,2,469,1,,,,,
15,10,9,238,0,,,,,
7,34,5,410,0,,,,,
3,42,1,442,0,,,,,
11,23,4,313,0,,,,,
3,23,2,259,0,,,,,
2,22,9,293,0,,,,,
17,28,7,414,0,,,,,
8,22,9,323,0,,,,,
13,25,3,336,0,,,,,
5,9,9,178,0,,,,,
11,37,10,495,1,,,,,
15,48,8,611,1,,,,,
2,25,5,295,0,,,,,
6,14,1,177,0,,,,,
19,46,3,576,1,,,,,
5,15,3,196,0,,,,,
9,47,2,529,1,,,,,
13,28,3,366,0,,,,,
13,39,8,511,1,,,,,
3,46,7,524,1,,,,,
8,41,10,520,1,,,,,
7,11,7,194,0,,,,,
18,23,8,376,0,,,,,
20,8,9,243,0,,,,,
0,49,8,546,1,,,,,
0,50,6,542,1,,,,,
0,35,3,371,0,,,,,
16,46,2,554,1,,,,,
16,38,4,488,1,,,,,
6,8,10,180,0,,,,,
9,15,5,230,0,,,,,
15,41,9,548,1,,,,,
16,10,6,222,0,,,,,
9,17,10,285,0,,,,,
4,50,3,541,1,,,,,
8,6,2,114,0,,,,,
12,28,2,354,0,,,,,
0,40,1,407,0,,,,,
3,18,3,216,0,,,,,
7,15,4,213,0,,,,,
18,48,6,612,1,,,,,
12,19,2,264,0,,,,,
6,25,9,343,0,,,,,
5,34,9,428,0,,,,,
1,9,9,158,0,,,,,
13,21,9,338,0,,,,,
5,24,4,293,0,,,,,
4,22,1,247,0,,,,,
18,39,1,487,1,,,,,
8,47,9,573,1,,,,,
0,6,6,102,0,,,,,
9,49,1,542,1,,,,,
2,28,8,346,0,,,,,
17,40,4,513,1,,,,,
16,7,3,171,0,,,,,
13,49,3,576,1,,,,,
20,46,3,581,1,,,,,
19,44,1,542,1,,,,,
20,10,5,235,0,,,,,
18,50,3,611,1,,,,,
4,13,9,213,0,,,,,
12,21,10,340,0,,,,,
19,18,8,331,0,,,,,
14,16,3,251,0,,,,,
16,34,6,462,1,,,,,
17,30,3,406,0,,,,,
2,28,2,304,0,,,,,
20,9,10,260,0,,,,,
6,7,7,149,0,,,,,
8,35,4,418,0,,,,,
8,28,3,341,0,,,,,
13,30,7,414,0,,,,,
12,48,8,596,1,,,,,
18,31,7,449,0,,,,,
18,44,10,600,1,,,,,
6,21,6,282,0,,,,,
18,13,4,248,0,,,,,
20,30,3,421,0,,,,,
1,48,2,499,1,,,,,
13,31,10,445,0,,,,,
7,47,7,554,1,,,,,
20,33,10,500,1,,,,,
15,36,6,477,1,,,,,
4,12,10,210,0,,,,,
3,11,1,132,0,,,,,
5,6,6,127,0,,,,,
7,14,10,245,0,,,,,
14,18,4,278,0,,,,,
5,23,4,283,0,,,,,
7,27,10,375,0,,,,,
16,31,2,404,0,,,,,
9,32,6,407,0,,,,,
20,18,2,294,0,,,,,
17,7,1,162,0,,,,,
8,9,2,144,0,,,,,
3,43,9,508,1,,,,,
4,16,2,194,0,,,,,
8,36,4,428,0,,,,,
12,27,4,358,0,,,,,
5,30,1,332,0,,,,,
1,35,2,369,0,,,,,
3,44,8,511,1,,,,,
10,15,5,235,0,,,,,
17,37,5,490,1,,,,,
16,39,2,484,1,,,,,
2,40,4,438,0,,,,,
8,42,5,495,1,,,,,
0,23,7,279,0,,,,,
2,11,3,141,0,,,,,
6,22,2,264,0,,,,,
17,44,3,546,1,,,,,
4,35,8,426,0,,,,,
12,16,7,269,0,,,,,
7,43,2,479,1,,,,,
8,9,2,144,0,,,,,
8,26,2,314,0,,,,,
12,35,6,452,1,,,,,
19,14,7,284,0,,,,,
2,43,6,482,1,,,,,
1,13,9,198,0,,,,,
16,34,8,476,1,,,,,
20,5,6,192,0,,,,,
7,10,1,142,0,,,,,
10,29,8,396,0,,,,,
15,21,10,355,0,,,,,
17,37,10,525,1,,,,,
5,20,3,246,0,,,,,
5,16,10,255,0,,,,,
7,43,9,528,1,,,,,
16,34,4,448,0,,,,,
20,20,4,328,0,,,,,
0,22,6,262,0,,,,,
13,34,1,412,0,,,,,
8,10,1,147,0,,,,,
17,21,9,358,0,,,,,
0,16,2,174,0,,,,,
0,13,3,151,0,,,,,
14,50,1,577,1,,,,,
16,7,5,185,0,,,,,
8,20,5,275,0,,,,,
20,36,9,523,1,,,,,
16,41,5,525,1,,,,,
2,33,6,382,0,,,,,
17,47,4,583,1,,,,,
3,49,10,575,1,,,,,
4,30,8,376,0,,,,,
9,32,9,428,0,,,,,
7,18,5,250,0,,,,,
12,23,4,318,0,,,,,
5,15,2,189,0,,,,,
20,12,5,255,0,,,,,
19,42,3,536,1,,,,,
3,27,8,341,0,,,,,
18,33,1,427,0,,,,,
5,6,9,148,0,,,,,
8,29,6,372,0,,,,,
4,27,8,346,0,,,,,
20,43,9,593,1,,,,,
14,14,9,273,0,,,,,
5,19,2,229,0,,,,,
2,46,9,533,1,,,,,
6,43,10,530,1,,,,,
11,14,7,244,0,,,,,
2,22,4,258,0,,,,,
4,25,5,305,0,,,,,
17,9,3,196,0,,,,,
8,25,6,332,0,,,,,
11,41,6,507,1,,,,,
0,41,5,445,0,,,,,
3,17,8,241,0,,,,,
2,38,9,453,1,,,,,
5,19,6,257,0,,,,,
19,30,8,451,1,,,,,
3,39,1,412,0,,,,,
17,26,9,408,0,,,,,
10,44,4,518,1,,,,,
13,26,5,360,0,,,,,
8,49,2,544,1,,,,,
16,10,7,229,0,,,,,
4,44,9,523,1,,,,,
3,29,1,312,0,,,,,
3,42,7,484,1,,,,,
17,44,9,588,1,,,,,
5,47,6,537,1,,,,,
9,32,2,379,0,,,,,
0,21,1,217,0,,,,,
13,38,3,466,1,,,,,
4,42,9,503,1,,,,,
0,29,2,304,0,,,,,
5,18,1,212,0,,,,,
13,8,6,187,0,,,,,
18,22,9,373,0,,,,,
20,23,3,351,0,,,,,
10,40,1,457,1,,,,,
8,16,6,242,0,,,,,
6,26,4,318,0,,,,,
9,37,7,464,1,,,,,
5,26,6,327,0,,,,,
7,18,5,250,0,,,,,
9,8,3,146,0,,,,,
5,27,2,309,0,,,,,
7,32,6,397,0,,,,,
8,34,1,387,0,,,,,
17,19,8,331,0,,,,,
5,46,1,492,1,,,,,
1,13,1,142,0,,,,,
12,41,1,477,1,,,,,
4,18,10,270,0,,,,,
9,30,7,394,0,,,,,
5,44,8,521,1,,,,,
14,30,1,377,0,,,,,
10,49,10,610,1,,,,,
16,6,2,154,0,,,,,
6,21,7,289,0,,,,,
12,45,2,524,1,,,,,
2,45,2,474,1,,,,,
0,27,10,340,0,,,,,
9,41,6,497,1,,,,,
0,20,8,256,0,,,,,
9,21,2,269,0,,,,,
16,39,1,477,1,,,,,
0,47,2,484,1,,,,,
17,28,2,379,0,,,,,
6,46,10,560,1,,,,,
6,41,9,503,1,,,,,
9,16,2,219,0,,,,,
9,29,2,349,0,,,,,
20,9,5,225,0,,,,,
15,22,1,302,0,,,,,
13,36,7,474,1,,,,,
0,49,7,539,1,,,,,
2,15,9,223,0,,,,,
4,9,1,117,0,,,,,
5,14,1,172,0,,,,,
4,45,8,526,1,,,,,
17,38,8,521,1,,,,,
7,39,7,474,1,,,,,
1,13,8,191,0,,,,,
6,10,6,172,0,,,,,
17,14,1,232,0,,,,,
2,19,9,263,0,,,,,
3,38,10,465,1,,,,,
4,33,8,406,0,,,,,
11,31,7,414,0,,,,,
8,39,9,493,1,,,,,
2,10,8,166,0,,,,,
2,39,2,414,0,,,,,
12,42,5,515,1,,,,,
6,16,9,253,0,,,,,
14,41,3,501,1,,,,,
12,14,8,256,0,,,,,
11,43,1,492,1,,,,,
12,49,7,599,1,,,,,
11,5,3,126,0,,,,,
15,43,6,547,1,,,,,
13,9,5,190,0,,,,,
4,5,8,126,0,,,,,
11,40,10,525,1,,,,,
6,26,9,353,0,,,,,
18,30,8,446,0,,,,,
12,50,3,581,1,,,,,
15,16,5,270,0,,,,,
5,50,5,560,1,,,,,
19,33,2,439,0,,,,,
10,6,6,152,0,,,,,
16,45,6,572,1,,,,,
11,43,6,527,1,,,,,
15,27,9,408,0,,,,,
20,24,8,396,0,,,,,
19,37,7,514,1,,,,,
5,30,4,353,0,,,,,
3,22,3,256,0,,,,,
9,39,1,442,0,,,,,
3,6,3,96,0,,,,,
8,9,5,165,0,,,,,
17,44,2,539,1,,,,,
17,8,3,186,0,,,,,
17,41,3,516,1,,,,,
7,38,7,464,1,,,,,
8,50,2,554,1,,,,,
15,16,6,277,0,,,,,
18,46,7,599,1,,,,,
8,25,6,332,0,,,,,
8,31,4,378,0,,,,,
8,15,1,197,0,,,,,
6,21,7,289,0,,,,,
12,7,8,186,0,,,,,
9,24,9,348,0,,,,,
17,44,3,546,1,,,,,
20,31,7,459,1,,,,,
6,33,4,388,0,,,,,
19,29,7,434,0,,,,,
0,30,6,342,0,,,,,
5,49,10,585,1,,,,,
8,9,2,144,0,,,,,
15,31,8,441,0,,,,,
2,46,1,477,1,,,,,
16,40,1,487,1,,,,,
5,23,3,276,0,,,,,
19,34,8,491,1,,,,,
6,6,8,146,0,,,,,
19,18,4,303,0,,,,,
13,19,8,311,0,,,,,
15,29,5,400,0,,,,,
9,15,7,244,0,,,,,
18,49,5,615,1,,,,,
17,27,10,425,0,,,,,
9,32,4,393,0,,,,,
4,49,5,545,1,,,,,
3,44,10,525,1,,,,,
8,20,10,310,0,,,,,
18,6,9,213,0,,,,,
6,27,1,307,0,,,,,
19,41,1,512,1,,,,,
17,22,2,319,0,,,,,
0,32,7,369,0,,,,,
13,15,3,236,0,,,,,
5,46,3,506,1,,,,,
20,27,9,433,0,,,,,
10,33,4,408,0,,,,,
1,46,6,507,1,,,,,
14,27,2,354,0,,,,,
12,14,1,207,0,,,,,
6,10,5,165,0,,,,,
7,10,9,198,0,,,,,
11,37,6,467,1,,,,,
7,38,2,429,0,,,,,
15,7,10,215,0,,,,,
10,7,7,169,0,,,,,
12,36,4,448,0,,,,,
3,11,3,146,0,,,,,
8,32,6,402,0,,,,,
9,11,7,204,0,,,,,
14,18,6,292,0,,,,,
4,9,4,138,0,,,,,
0,46,1,467,1,,,,,
11,38,10,505,1,,,,,
16,50,1,587,1,,,,,
2,44,6,492,1,,,,,
14,47,3,561,1,,,,,
15,40,10,545,1,,,,,
17,50,1,592,1,,,,,
16,49,6,612,1,,,,,
2,21,5,255,0,,,,,
9,6,6,147,0,,,,,
1,26,10,335,0,,,,,
17,26,6,387,0,,,,,
2,48,1,497,1,,,,,
18,16,2,264,0,,,,,
4,13,9,213,0,,,,,
18,31,2,414,0,,,,,
7,33,10,435,0,,,,,
14,22,4,318,0,,,,,
16,40,8,536,1,,,,,
10,35,5,435,0,,,,,
20,9,9,253,0,,,,,
18,33,5,455,1,,,,,
10,30,8,406,0,,,,,
17,7,10,225,0,,,,,
1,27,10,345,0,,,,,
10,7,2,134,0,,,,,
3,6,3,96,0,,,,,
2,26,8,326,0,,,,,
2,38,9,453,1,,,,,
3,28,1,302,0,,,,,
0,23,9,293,0,,,,,
5,13,7,204,0,,,,,
16,35,7,479,1,,,,,
19,45,5,580,1,,,,,
12,20,5,295,0,,,,,
2,45,5,495,1,,,,,
5,33,5,390,0,,,,,
8,20,1,247,0,,,,,
8,13,5,205,0,,,,,
19,22,4,343,0,,,,,
11,11,6,207,0,,,,,
7,6,10,165,0,,,,,
17,28,7,414,0,,,,,
7,37,5,440,0,,,,,
12,13,3,211,0,,,,,
1,24,8,301,0,,,,,
8,48,6,562,1,,,,,
2,33,1,347,0,,,,,
4,33,6,392,0,,,,,
0,38,5,415,0,,,,,
17,46,1,552,1,,,,,
2,11,3,141,0,,,,,
6,32,1,357,0,,,,,
15,40,3,496,1,,,,,
13,43,6,537,1,,,,,
13,16,1,232,0,,,,,
20,29,3,411,0,,,,,
1,20,10,275,0,,,,,
2,37,3,401,0,,,,,
9,35,5,430,0,,,,,
11,26,10,385,0,,,,,
7,47,4,533,1,,,,,
10,16,2,224,0,,,,,
7,48,9,578,1,,,,,
17,46,5,580,1,,,,,
13,27,4,363,0,,,,,
16,16,10,310,0,,,,,
20,44,6,582,1,,,,,
5,28,5,340,0,,,,,
4,6,7,129,0,,,,,
15,16,2,249,0,,,,,
20,12,6,262,0,,,,,
16,19,5,305,0,,,,,
16,18,7,309,0,,,,,
13,35,7,464,1,,,,,
11,16,4,243,0,,,,,
5,11,6,177,0,,,,,
2,48,5,525,1,,,,,
4,44,4,488,1,,,,,
20,18,6,322,0,,,,,
5,28,7,354,0,,,,,
5,37,7,444,0,,,,,
10,49,8,596,1,,,,,
8,28,1,327,0,,,,,
7,6,7,144,0,,,,,
0,50,10,570,1,,,,,
12,39,1,457,1,,,,,
5,19,2,229,0,,,,,
10,15,2,214,0,,,,,
1,34,9,408,0,,,,,
2,9,2,114,0,,,,,
9,23,5,310,0,,,,,
5,23,5,290,0,,,,,
16,25,7,379,0,,,,,
18,17,7,309,0,,,,,
18,6,10,220,0,,,,,
13,28,10,415,0,,,,,
9,25,2,309,0,,,,,
2,23,7,289,0,,,,,
16,19,7,319,0,,,,,
15,49,4,593,1,,,,,
0,45,9,513,1,,,,,
6,15,5,215,0,,,,,
19,34,9,498,1,,,,,
15,16,5,270,0,,,,,
8,23,8,326,0,,,,,
13,20,4,293,0,,,,,
5,12,9,208,0,,,,,
17,48,6,607,1,,,,,
12,29,5,385,0,,,,,
5,14,7,214,0,,,,,
4,11,1,137,0,,,,,
20,20,5,335,0,,,,,
10,14,1,197,0,,,,,
10,43,10,550,1,,,,,
9,11,9,218,0,,,,,
2,29,4,328,0,,,,,
1,11,9,178,0,,,,,
10,35,6,442,0,,,,,
15,6,6,177,0,,,,,
7,21,4,273,0,,,,,
12,37,2,444,0,,,,,
14,33,2,414,0,,,,,
18,45,1,547,1,,,,,
3,18,7,244,0,,,,,
15,14,8,271,0,,,,,
17,45,3,556,1,,,,,
18,19,3,301,0,,,,,
20,6,3,181,0,,,,,
7,44,9,538,1,,,,,
4,30,8,376,0,,,,,
6,11,6,182,0,,,,,
15,49,10,635,1,,,,,
20,34,4,468,1,,,,,
19,29,10,455,1,,,,,
8,46,2,514,1,,,,,
19,28,7,424,0,,,,,
4,42,6,482,1,,,,,
19,21,5,340,0,,,,,
15,33,4,433,0,,,,,
5,14,1,172,0,,,,,
12,9,1,157,0,,,,,
3,39,8,461,1,,,,,
15,16,2,249,0,,,,,
9,38,8,481,1,,,,,
20,9,5,225,0,,,,,
15,15,2,239,0,,,,,
15,46,10,605,1,,,,,
2,8,9,153,0,,,,,
16,22,1,307,0,,,,,
10,27,10,390,0,,,,,
10,24,6,332,0,,,,,
5,44,3,486,1,,,,,
13,26,2,339,0,,,,,
13,22,8,341,0,,,,,
2,21,6,262,0,,,,,
19,24,5,370,0,,,,,
4,48,7,549,1,,,,,
16,42,8,556,1,,,,,
13,16,9,288,0,,,,,
12,37,1,437,0,,,,,
12,49,6,592,1,,,,,
9,22,8,321,0,,,,,
5,29,5,350,0,,,,,
14,9,1,167,0,,,,,
17,12,3,226,0,,,,,
5,19,6,257,0,,,,,
3,40,2,429,0,,,,,
19,16,5,290,0,,,,,
18,17,6,302,0,,,,,
18,37,9,523,1,,,,,
3,35,6,407,0,,,,,
6,45,3,501,1,,,,,
17,45,4,563,1,,,,,
7,27,4,333,0,,,,,
20,19,1,297,0,,,,,
19,45,7,594,1,,,,,
10,7,7,169,0,,,,,
7,7,2,119,0,,,,,
11,32,8,431,0,,,,,
0,18,8,236,0,,,,,
2,46,8,526,1,,,,,
1,16,5,200,0,,,,,
13,13,9,258,0,,,,,
6,24,7,319,0,,,,,
9,48,10,595,1,,,,,
13,7,5,170,0,,,,,
13,23,9,358,0,,,,,
5,7,1,102,0,,,,,
5,20,9,288,0,,,,,
3,44,2,469,1,,,,,
1,41,2,429,0,,,,,
3,36,8,431,0,,,,,
13,16,8,281,0,,,,,
7,10,8,191,0,,,,,
1,29,4,323,0,,,,,
20,42,1,527,1,,,,,
17,33,8,471,1,,,,,
19,41,2,519,1,,,,,
12,37,6,472,1,,,,,
18,14,7,279,0,,,,,
14,43,1,507,1,,,,,
6,10,8,186,0,,,,,
14,27,3,361,0,,,,,
14,45,2,534,1,,,,,
16,42,4,528,1,,,,,
8,49,5,565,1,,,,,
20,13,10,300,0,,,,,
3,34,8,411,0,,,,,
15,44,5,550,1,,,,,
5,48,8,561,1,,,,,
19,34,5,470,1,,,,,
12,22,6,322,0,,,,,
8,10,6,182,0,,,,,
17,41,10,565,1,,,,,
8,36,6,442,0,,,,,
5,22,8,301,0,,,,,
2,13,7,189,0,,,,,
17,44,4,553,1,,,,,
3,14,6,197,0,,,,,
9,23,8,331,0,,,,,
18,14,7,279,0,,,,,
15,37,5,480,1,,,,,
0,32,6,362,0,,,,,
13,5,7,164,0,,,,,
10,43,1,487,1,,,,,
17,47,4,583,1,,,,,
1,17,3,196,0,,,,,
5,17,3,216,0,,,,,
17,10,1,192,0,,,,,
4,48,1,507,1,,,,,
8,29,2,344,0,,,,,
5,30,2,339,0,,,,,
11,46,1,522,1,,,,,
14,34,3,431,0,,,,,
19,25,5,380,0,,,,,
15,46,9,598,1,,,,,
11,18,5,270,0,,,,,
6,20,3,251,0,,,,,
11,37,9,488,1,,,,,
19,19,10,355,0,,,,,
11,25,9,368,0,,,,,
3,40,10,485,1,,,,,
17,43,1,522,1,,,,,
2,38,7,439,0,,,,,
2,33,2,354,0,,,,,
5,37,5,430,0,,,,,
16,34,10,490,1,,,,,
9,5,1,102,0,,,,,
8,34,1,387,0,,,,,
20,17,3,291,0,,,,,
2,29,4,328,0,,,,,
14,49,10,630,1,,,,,
14,39,10,530,1,,,,,
0,31,8,366,0,,,,,
3,21,4,253,0,,,,,
0,25,7,299,0,,,,,
13,43,1,502,1,,,,,
0,44,5,475,1,,,,,
13,25,5,350,0,,,,,
20,7,10,240,0,,,,,
18,7,3,181,0,,,,,
12,7,10,200,0,,,,,
15,18,9,318,0,,,,,
6,29,5,355,0,,,,,
15,48,1,562,1,,,,,
4,10,10,190,0,,,,,
2,18,10,260,0,,,,,
18,24,7,379,0,,,,,
3,45,4,493,1,,,,,
8,22,4,288,0,,,,,
18,15,4,268,0,,,,,
19,10,6,237,0,,,,,
20,37,7,519,1,,,,,
5,21,10,305,0,,,,,
6,11,6,182,0,,,,,
18,7,4,188,0,,,,,
20,23,3,351,0,,,,,
14,32,3,411,0,,,,,
17,7,6,197,0,,,,,
10,41,6,502,1,,,,,
7,38,5,450,0,,,,,
18,49,4,608,1,,,,,
7,42,10,525,1,,,,,
3,41,5,460,1,,,,,
15,45,9,588,1,,,,,
18,28,8,426,0,,,,,
13,44,8,561,1,,,,,
2,36,9,433,0,,,,,
1,21,6,257,0,,,,,
14,43,9,563,1,,,,,
5,39,4,443,0,,,,,
4,6,6,122,0,,,,,
10,50,8,606,1,,,,,
14,30,2,384,0,,,,,
15,32,7,444,0,,,,,
16,42,6,542,1,,,,,
7,13,7,214,0,,,,,
5,18,1,212,0,,,,,
3,11,8,181,0,,,,,
0,27,7,319,0,,,,,
8,16,2,214,0,,,,,
20,5,8,206,0,,,,,
15,32,3,416,0,,,,,
12,33,9,453,1,,,,,
11,6,10,185,0,,,,,
4,28,7,349,0,,,,,
13,19,1,262,0,,,,,
15,28,5,390,0,,,,,
11,33,3,406,0,,,,,
10,34,6,432,0,,,,,
20,23,4,358,0,,,,,
16,31,3,411,0,,,,,
7,29,5,360,0,,,,,
4,44,4,488,1,,,,,
4,22,2,254,0,,,,,
5,17,8,251,0,,,,,
8,42,10,530,1,,,,,
11,6,7,164,0,,,,,
6,19,9,283,0,,,,,
12,25,6,352,0,,,,,
8,24,2,294,0,,,,,
2,28,9,353,0,,,,,
18,49,8,636,1,,,,,
9,32,10,435,0,,,,,
7,26,10,365,0,,,,,
3,17,4,213,0,,,,,
19,31,8,461,1,,,,,
10,5,4,128,0,,,,,
18,18,8,326,0,,,,,
14,16,6,272,0,,,,,
7,12,4,183,0,,,,,
14,15,7,269,0,,,,,
6,10,7,179,0,,,,,
0,43,1,437,0,,,,,
18,40,7,539,1,,,,,
9,32,10,435,0,,,,,
13,46,1,532,1,,,,,
18,44,7,579,1,,,,,
5,24,6,307,0,,,,,
11,44,3,516,1,,,,,
6,25,1,287,0,,,,,
8,19,10,300,0,,,,,
3,48,8,551,1,,,,,
19,49,4,613,1,,,,,
9,13,9,238,0,,,,,
9,25,3,316,0,,,,,
3,40,1,422,0,,,,,
4,23,8,306,0,,,,,
3,11,4,153,0,,,,,
2,15,5,195,0,,,,,
18,31,8,456,1,,,,,
9,29,7,384,0,,,,,
11,47,10,595,1,,,,,
17,5,2,149,0,,,,,
14,26,9,393,0,,,,,
5,46,8,541,1,,,,,
18,44,6,572,1,,,,,
14,5,1,127,0,,,,,
20,18,9,343,0,,,,,
4,19,3,231,0,,,,,
19,19,9,348,0,,,,,
12,21,10,340,0,,,,,
16,36,5,475,1,,,,,
10,46,10,580,1,,,,,
1,12,7,174,0,,,,,
12,28,3,361,0,,,,,
9,23,8,331,0,,,,,
15,25,3,346,0,,,,,
4,37,4,418,0,,,,,
12,20,3,281,0,,,,,
17,40,4,513,1,,,,,
0,21,4,238,0,,,,,
8,9,10,200,0,,,,,
17,17,8,311,0,,,,,
11,49,2,559,1,,,,,
6,13,3,181,0,,,,,
12,36,9,483,1,,,,,
9,35,8,451,1,,,,,
5,48,2,519,1,,,,,
17,14,3,246,0,,,,,
14,39,1,467,1,,,,,
1,8,8,141,0,,,,,
14,38,8,506,1,,,,,
9,33,9,438,0,,,,,
15,48,3,576,1,,,,,
15,11,3,206,0,,,,,
15,16,8,291,0,,,,,
12,44,5,535,1,,,,,
6,14,2,184,0,,,,,
8,48,5,555,1,,,,,
11,27,7,374,0,,,,,
7,8,4,143,0,,,,,
6,20,3,251,0,,,,,
20,20,10,370,0,,,,,
2,12,7,179,0,,,,,
18,46,2,564,1,,,,,
0,42,9,483,1,,,,,
4,11,5,165,0,,,,,
17,32,4,433,0,,,,,
10,8,2,144,0,,,,,
0,32,5,355,0,,,,,
9,7,9,178,0,,,,,
6,30,5,365,0,,,,,
7,6,8,151,0,,,,,
3,20,1,222,0,,,,,
18,35,9,503,1,,,,,
10,25,5,335,0,,,,,
13,16,10,295,0,,,,,
2,19,9,263,0,,,,,
6,43,6,502,1,,,,,
20,45,2,564,1,,,,,
1,43,3,456,1,,,,,
15,30,7,424,0,,,,,
13,6,4,153,0,,,,,
2,18,2,204,0,,,,,
6,33,8,416,0,,,,,
10,30,10,420,0,,,,,
5,32,10,415,0,,,,,
3,8,10,165,0,,,,,
9,47,3,536,1,,,,,
1,45,3,476,1,,,,,
7,24,2,289,0,,,,,
7,50,3,556,1,,,,,
13,16,1,232,0,,,,,
1,15,9,218,0,,,,,
16,18,3,281,0,,,,,
7,37,10,475,1,,,,,
3,49,2,519,1,,,,,
16,12,10,270,0,,,,,
7,28,7,364,0,,,,,
10,14,7,239,0,,,,,
2,46,8,526,1,,,,,
7,24,2,289,0,,,,,
1,11,1,122,0,,,,,
2,41,9,483,1,,,,,
6,36,9,453,1,,,,,
16,21,3,311,0,,,,,
20,50,6,642,1,,,,,
13,43,7,544,1,,,,,
16,33,4,438,0,,,,,
3,44,9,518,1,,,,,
18,24,1,337,0,,,,,
18,39,9,543,1,,,,,
7,25,7,334,0,,,,,
10,49,3,561,1,,,,,
12,32,6,422,0,,,,,
15,19,7,314,0,,,,,
17,35,9,498,1,,,,,
14,17,5,275,0,,,,,
12,15,1,217,0,,,,,
12,28,9,403,0,,,,,
13,43,9,558,1,,,,,
6,50,4,558,1,,,,,
5,39,4,443,0,,,,,
1,34,6,387,0,,,,,
2,23,10,310,0,,,,,
16,13,8,266,0,,,,,
19,31,6,447,0,,,,,
14,15,2,234,0,,,,,
15,44,6,557,1,,,,,
18,40,4,518,1,,,,,
12,25,9,373,0,,,,,
8,23,8,326,0,,,,,
17,9,2,189,0,,,,,
13,6,2,139,0,,,,,
8,35,7,439,0,,,,,
11,31,1,372,0,,,,,
3,14,9,218,0,,,,,
12,46,8,576,1,,,,,
0,31,1,317,0,,,,,
16,13,5,245,0,,,,,
18,22,10,380,0,,,,,
3,41,5,460,1,,,,,
15,16,6,277,0,,,,,
20,18,9,343,0,,,,,
7,10,3,156,0,,,,,
17,15,2,249,0,,,,,
8,20,2,254,0,,,,,
9,22,7,314,0,,,,,
20,13,10,300,0,,,,,
3,18,6,237,0,,,,,
4,18,1,207,0,,,,,
20,47,7,619,1,,,,,
15,19,3,286,0,,,,,
9,49,9,598,1,,,,,
3,22,10,305,0,,,,,
13,18,8,301,0,,,,,
4,10,3,141,0,,,,,
18,48,8,626,1,,,,,
8,32,8,416,0,,,,,
16,28,2,374,0,,,,,
8,25,1,297,0,,,,,
7,25,3,306,0,,,,,
4,37,9,453,1,,,,,
17,10,3,206,0,,,,,
16,35,5,465,1,,,,,
9,47,5,550,1,,,,,
14,17,3,261,0,,,,,
6,30,9,393,0,,,,,
7,47,8,561,1,,,,,
7,44,7,524,1,,,,,
6,19,9,283,0,,,,,
9,12,7,214,0,,,,,
16,19,9,333,0,,,,,
12,43,6,532,1,,,,,
3,41,6,467,1,,,,,
6,48,7,559,1,,,,,
16,49,1,577,1,,,,,
7,5,2,99,0,,,,,
16,13,6,252,0,,,,,
14,44,2,524,1,,,,,
8,8,8,176,0,,,,,
12,20,3,281,0,,,,,
3,11,1,132,0,,,,,
11,23,8,341,0,,,,,
4,42,5,475,1,,,,,
0,18,10,250,0,,,,,
7,9,10,195,0,,,,,
14,8,10,220,0,,,,,
2,25,1,267,0,,,,,
11,29,5,380,0,,,,,
1,30,6,347,0,,,,,
14,16,3,251,0,,,,,
3,41,3,446,0,,,,,
8,48,10,590,1,,,,,
2,24,7,299,0,,,,,
8,31,10,420,0,,,,,
10,18,5,265,0,,,,,
1,13,6,177,0,,,,,
3,11,7,174,0,,,,,
6,16,1,197,0,,,,,
14,35,8,476,1,,,,,
20,23,6,372,0,,,,,
10,6,8,166,0,,,,,
5,30,8,381,0,,,,,
16,46,4,568,1,,,,,
8,50,9,603,1,,,,,
17,41,9,558,1,,,,,
19,43,2,539,1,,,,,
15,23,10,375,0,,,,,
3,10,1,122,0,,,,,
13,6,10,195,0,,,,,
8,47,10,580,1,,,,,
9,31,2,369,0,,,,,
12,7,5,165,0,,,,,
2,12,7,179,0,,,,,
0,21,8,266,0,,,,,
5,49,4,543,1,,,,,
9,43,6,517,1,,,,,
4,49,9,573,1,,,,,
20,7,10,240,0,,,,,
2,22,2,244,0,,,,,
8,8,6,162,0,,,,,
17,9,8,231,0,,,,,
12,36,7,469,1,,,,,
1,25,5,290,0,,,,,
2,13,3,161,0,,,,,
20,47,5,605,1,,,,,
6,5,8,136,0,,,,,
14,41,2,494,1,,,,,
19,18,5,310,0,,,,,
10,21,6,302,0,,,,,
19,19,5,320,0,,,,,
3,12,10,205,0,,,,,
10,18,2,244,0,,,,,
18,25,5,375,0,,,,,
17,47,2,569,1,,,,,
16,28,9,423,0,,,,,
2,21,4,248,0,,,,,
14,31,1,387,0,,,,,
15,28,1,362,0,,,,,
1,44,5,480,1,,,,,
9,49,1,542,1,,,,,
16,17,7,299,0,,,,,
14,8,1,157,0,,,,,
13,20,7,314,0,,,,,
16,9,1,177,0,,,,,
16,32,8,456,1,,,,,
8,28,6,362,0,,,,,
16,12,9,263,0,,,,,
13,42,6,527,1,,,,,
10,11,1,167,0,,,,,
20,26,2,374,0,,,,,
19,38,9,538,1,,,,,
12,23,5,325,0,,,,,
19,7,5,200,0,,,,,
13,36,9,488,1,,,,,
5,43,2,469,1,,,,,
0,10,4,128,0,,,,,
9,21,9,318,0,,,,,
1,40,9,468,1,,,,,
16,40,2,494,1,,,,,
7,35,4,413,0,,,,,
17,44,5,560,1,,,,,
1,40,6,447,0,,,,,
4,43,2,464,1,,,,,
16,17,7,299,0,,,,,
9,30,10,415,0,,,,,
7,13,5,200,0,,,,,
15,5,6,167,0,,,,,
8,25,9,353,0,,,,,
14,15,4,248,0,,,,,
16,12,2,214,0,,,,,
17,25,7,384,0,,,,,
8,31,8,406,0,,,,,
17,16,7,294,0,,,,,
9,14,10,255,0,,,,,
6,8,9,173,0,,,,,
9,46,4,533,1,,,,,
10,33,7,429,0,,,,,
5,20,5,260,0,,,,,
7,22,5,290,0,,,,,
18,22,6,352,0,,,,,
14,34,2,424,0,,,,,
1,8,7,134,0,,,,,
11,12,10,245,0,,,,,
19,44,6,577,1,,,,,
15,24,7,364,0,,,,,
10,37,10,490,1,,,,,
19,6,8,211,0,,,,,
2,9,6,142,0,,,,,
10,33,10,450,0,,,,,
10,38,9,493,1,,,,,
0,50,7,549,1,,,,,
19,32,4,443,0,,,,,
10,39,1,447,0,,,,,
16,37,10,520,1,,,,,
5,33,5,390,0,,,,,
11,25,2,319,0,,,,,
2,20,4,238,0,,,,,
2,9,8,156,0,,,,,
10,35,4,428,0,,,,,
20,27,8,426,0,,,,,
20,46,9,623,1,,,,,
3,14,9,218,0,,,,,
14,45,1,527,1,,,,,
2,44,1,457,1,,,,,
14,22,3,311,0,,,,,
3,42,4,463,1,,,,,
17,9,3,196,0,,,,,
12,44,10,570,1,,,,,
17,36,3,466,1,,,,,
9,29,10,405,0,,,,,
1,28,1,292,0,,,,,
5,5,5,110,0,,,,,
18,18,6,312,0,,,,,
18,31,3,421,0,,,,,
2,22,9,293,0,,,,,
14,43,10,570,1,,,,,
3,21,6,267,0,,,,,
9,25,7,344,0,,,,,
7,41,8,501,1,,,,,
13,10,1,172,0,,,,,
7,18,3,236,0,,,,,
4,44,1,467,1,,,,,
6,15,1,187,0,,,,,
11,48,3,556,1,,,,,
9,25,4,323,0,,,,,
8,38,8,476,1,,,,,
4,44,6,502,1,,,,,
9,7,4,143,0,,,,,
8,10,6,182,0,,,,,
6,18,3,231,0,,,,,
11,16,7,264,0,,,,,
7,47,3,526,1,,,,,
13,18,4,273,0,,,,,
16,18,1,267,0,,,,,
19,15,6,287,0,,,,,
13,29,9,418,0,,,,,
8,36,8,456,1,,,,,
6,43,3,481,1,,,,,
8,14,9,243,0,,,,,
13,45,4,543,1,,,,,
16,6,2,154,0,,,,,
19,39,10,555,1,,,,,
20,36,8,516,1,,,,,
3,17,5,220,0,,,,,
14,41,9,543,1,,,,,
0,36,6,402,0,,,,,
14,38,8,506,1,,,,,
6,16,9,253,0,,,,,
3,29,5,340,0,,,,,
11,7,3,146,0,,,,,
1,16,6,207,0,,,,,
4,12,8,196,0,,,,,
11,39,4,473,1,,,,,
20,7,1,177,0,,,,,
0,44,1,447,0,,,,,
3,31,2,339,0,,,,,
17,16,4,273,0,,,,,
7,15,7,234,0,,,,,
1,18,1,192,0,,,,,
7,22,1,262,0,,,,,
19,49,9,648,1,,,,,
18,44,6,572,1,,,,,
19,12,5,250,0,,,,,
3,33,2,359,0,,,,,
15,13,7,254,0,,,,,
3,15,1,172,0,,,,,
19,44,10,605,1,,,,,
19,29,9,448,0,,,,,
8,13,8,226,0,,,,,
0,19,8,246,0,,,,,
10,38,9,493,1,,,,,
5,17,9,258,0,,,,,
5,18,9,268,0,,,,,
4,12,10,210,0,,,,,
10,10,5,185,0,,,,,
16,7,4,178,0,,,,,
6,15,10,250,0,,,,,
16,35,9,493,1,,,,,
5,29,10,385,0,,,,,
7,5,8,141,0,,,,,
20,21,3,331,0,,,,,
8,37,6,452,1,,,,,
6,21,2,254,0,,,,,
0,41,3,431,0,,,,,
16,38,6,502,1,,,,,
1,41,9,478,1,,,,,
1,21,9,278,0,,,,,
0,7,8,126,0,,,,,
2,14,6,192,0,,,,,
17,31,7,444,0,,,,,
11,36,7,464,1,,,,,
2,48,4,518,1,,,,,
10,18,6,272,0,,,,,
1,48,8,541,1,,,,,
12,20,9,323,0,,,,,
16,28,1,367,0,,,,,
5,24,5,300,0,,,,,
9,29,7,384,0,,,,,
16,37,2,464,1,,,,,
9,20,5,280,0,,,,,
0,44,10,510,1,,,,,
0,49,4,518,1,,,,,
7,26,3,316,0,,,,,
12,39,6,492,1,,,,,
0,26,8,316,0,,,,,
10,41,3,481,1,,,,,
4,21,9,293,0,,,,,
20,30,1,407,0,,,,,
1,11,8,171,0,,,,,
17,5,7,184,0,,,,,
5,34,10,435,0,,,,,
6,48,1,517,1,,,,,
11,9,3,166,0,,,,,
20,8,7,229,0,,,,,
3,31,9,388,0,,,,,
9,38,7,474,1,,,,,
7,18,1,222,0,,,,,
6,40,9,493,1,,,,,
15,7,2,159,0,,,,,
17,46,2,559,1,,,,,
17,18,3,286,0,,,,,
14,28,4,378,0,,,,,
3,49,6,547,1,,,,,
2,37,3,401,0,,,,,
17,20,1,292,0,,,,,
17,29,4,403,0,,,,,
15,38,6,497,1,,,,,
14,12,9,253,0,,,,,
13,30,3,386,0,,,,,
7,19,5,260,0,,,,,
4,18,1,207,0,,,,,
11,49,6,587,1,,,,,
1,7,7,124,0,,,,,
14,18,4,278,0,,,,,
17,39,6,517,1,,,,,
13,6,6,167,0,,,,,
6,27,7,349,0,,,,,
5,45,9,538,1,,,,,
10,37,3,441,0,,,,,
16,43,10,580,1,,,,,
19,17,8,321,0,,,,,
0,32,10,390,0,,,,,
11,8,4,163,0,,,,,
0,26,1,267,0,,,,,
6,7,7,149,0,,,,,
12,9,7,199,0,,,,,
13,24,5,340,0,,,,,
10,32,1,377,0,,,,,
20,10,9,263,0,,,,,
4,13,8,206,0,,,,,
4,14,8,216,0,,,,,
19,8,1,182,0,,,,,
2,45,5,495,1,,,,,
8,30,9,403,0,,,,,
0,45,10,520,1,,,,,
1,19,1,202,0,,,,,
12,22,2,294,0,,,,,
20,50,2,614,1,,,,,
0,38,6,422,0,,,,,
15,49,7,614,1,,,,,
16,41,3,511,1,,,,,
4,6,4,108,0,,,,,
19,46,8,611,1,,,,,
2,37,2,394,0,,,,,
19,43,10,595,1,,,,,
9,38,2,439,0,,,,,
12,18,9,303,0,,,,,
7,34,4,403,0,,,,,
8,8,3,141,0,,,,,
7,34,3,396,0,,,,,
18,39,1,487,1,,,,,
19,39,8,541,1,,,,,
2,48,3,511,1,,,,,
19,25,4,373,0,,,,,
13,11,7,224,0,,,,,
5,46,2,499,1,,,,,
3,25,1,272,0,,,,,
6,20,9,293,0,,,,,
5,49,4,543,1,,,,,
14,33,3,421,0,,,,,
5,40,8,481,1,,,,,
8,29,10,400,0,,,,,
12,32,10,450,0,,,,,
20,49,2,604,1,,,,,
3,19,1,212,0,,,,,
7,5,7,134,0,,,,,
0,47,4,498,1,,,,,
9,50,3,566,1,,,,,
14,47,8,596,1,,,,,
13,13,6,237,0,,,,,
13,30,3,386,0,,,,,
0,44,10,510,1,,,,,
0,41,9,473,1,,,,,
9,24,7,334,0,,,,,
12,32,9,443,0,,,,,
11,11,2,179,0,,,,,
4,29,5,345,0,,,,,
6,25,10,350,0,,,,,
20,15,4,278,0,,,,,
2,35,1,367,0,,,,,
7,37,4,433,0,,,,,
6,25,10,350,0,,,,,
18,16,9,313,0,,,,,
3,32,7,384,0,,,,,
12,48,7,589,1,,,,,
20,33,5,465,1,,,,,
0,39,3,411,0,,,,,
8,44,5,515,1,,,,,
18,48,5,605,1,,,,,
8,22,1,267,0,,,,,
6,50,5,565,1,,,,,
11,39,3,466,1,,,,,
2,32,5,365,0,,,,,
12,50,4,588,1,,,,,
20,33,9,493,1,,,,,
4,30,5,355,0,,,,,
14,31,2,394,0,,,,,
13,50,2,579,1,,,,,
16,45,1,537,1,,,,,
16,50,1,587,1,,,,,
10,50,4,578,1,,,,,
15,19,2,279,0,,,,,
6,11,1,147,0,,,,,
13,42,10,555,1,,,,,
5,18,3,226,0,,,,,
15,28,8,411,0,,,,,
10,32,2,384,0,,,,,
11,6,1,122,0,,,,,
13,11,5,210,0,,,,,
17,5,9,198,0,,,,,
10,15,10,270,0,,,,,
11,33,1,392,0,,,,,
15,16,8,291,0,,,,,
19,42,8,571,1,,,,,
2,34,6,392,0,,,,,
4,39,3,431,0,,,,,
19,13,4,253,0,,,,,
4,21,7,279,0,,,,,
16,20,4,308,0,,,,,
18,20,6,332,0,,,,,
0,13,6,172,0,,,,,
9,5,10,165,0,,,,,
12,35,5,445,0,,,,,
19,40,9,558,1,,,,,
12,24,7,349,0,,,,,
10,35,10,470,1,,,,,
13,30,4,393,0,,,,,
9,16,3,226,0,,,,,
15,45,5,560,1,,,,,
10,49,2,554,1,,,,,
4,45,2,484,1,,,,,
3,40,9,478,1,,,,,
6,16,1,197,0,,,,,
7,6,1,102,0,,,,,
18,36,6,492,1,,,,,
5,5,1,82,0,,,,,
11,42,3,496,1,,,,,
14,32,6,432,0,,,,,
12,25,5,345,0,,,,,
18,8,3,191,0,,,,,
7,9,2,139,0,,,,,
9,5,10,165,0,,,,,
13,43,1,502,1,,,,,
8,6,2,114,0,,,,,
10,8,3,151,0,,,,,
15,16,9,298,0,,,,,
13,17,6,277,0,,,,,
4,22,10,310,0,,,,,
3,32,1,342,0,,,,,
0,26,2,274,0,,,,,
13,45,6,557,1,,,,,
19,34,4,463,1,,,,,
12,27,5,365,0,,,,,
13,30,9,428,0,,,,,
12,48,3,561,1,,,,,
5,11,6,177,0,,,,,
18,18,3,291,0,,,,,
8,38,1,427,0,,,,,
12,30,2,374,0,,,,,
10,38,3,451,1,,,,,
17,15,3,256,0,,,,,
13,42,6,527,1,,,,,
7,36,10,465,1,,,,,
1,44,1,452,1,,,,,
5,14,4,193,0,,,,,
4,15,4,198,0,,,,,
8,10,3,161,0,,,,,
19,32,1,422,0,,,,,
2,26,6,312,0,,,,,
13,19,6,297,0,,,,,
3,14,10,225,0,,,,,
0,35,4,378,0,,,,,
11,22,6,317,0,,,,,
3,43,9,508,1,,,,,
1,50,5,540,1,,,,,
12,43,1,497,1,,,,,
12,10,1,167,0,,,,,
17,33,10,485,1,,,,,
3,26,2,289,0,,,,,
15,35,4,453,1,,,,,
17,33,2,429,0,,,,,
16,38,6,502,1,,,,,
18,30,6,432,0,,,,,
10,42,1,477,1,,,,,
17,42,4,533,1,,,,,
3,21,9,288,0,,,,,
17,32,8,461,1,,,,,
3,43,6,487,1,,,,,
9,35,5,430,0,,,,,
13,21,1,282,0,,,,,
11,47,9,588,1,,,,,
17,19,5,310,0,,,,,
0,22,8,276,0,,,,,
2,6,8,126,0,,,,,
8,24,6,322,0,,,,,
13,18,3,266,0,,,,,
11,50,5,590,1,,,,,
14,23,8,356,0,,,,,
16,44,4,548,1,,,,,
3,50,5,550,1,,,,,
20,30,2,414,0,,,,,
2,40,5,445,0,,,,,
8,48,10,590,1,,,,,
7,32,3,376,0,,,,,
12,33,5,425,0,,,,,
9,8,9,188,0,,,,,
2,41,10,490,1,,,,,
20,26,7,409,0,,,,,
4,26,10,350,0,,,,,
2,26,2,284,0,,,,,
6,24,5,305,0,,,,,
9,29,6,377,0,,,,,
8,33,3,391,0,,,,,
15,42,5,530,1,,,,,
4,33,1,357,0,,,,,
15,28,8,411,0,,,,,
19,17,9,328,0,,,,,
19,45,5,580,1,,,,,
10,35,5,435,0,,,,,
19,49,2,599,1,,,,,
14,5,3,141,0,,,,,
15,14,6,257,0,,,,,
1,24,4,273,0,,,,,
16,11,8,246,0,,,,,
17,49,5,610,1,,,,,
20,43,3,551,1,,,,,
20,22,6,362,0,,,,,
7,44,10,545,1,,,,,
6,11,2,154,0,,,,,
13,30,6,407,0,,,,,
15,44,8,571,1,,,,,
8,45,7,539,1,,,,,
7,8,7,164,0,,,,,
8,25,2,304,0,,,,,
16,36,3,461,1,,,,,
9,43,7,524,1,,,,,
7,43,1,472,1,,,,,
1,13,6,177,0,,,,,
5,24,3,286,0,,,,,
2,34,4,378,0,,,,,
19,12,7,264,0,,,,,
3,12,2,149,0,,,,,
15,7,3,166,0,,,,,
10,24,2,304,0,,,,,
8,21,4,278,0,,,,,
12,22,5,315,0,,,,,
11,43,4,513,1,,,,,
8,18,8,276,0,,,,,
1,35,5,390,0,,,,,
1,20,7,254,0,,,,,
17,35,1,442,0,,,,,
19,15,7,294,0,,,,,
17,46,2,559,1,,,,,
10,45,5,535,1,,,,,
15,15,6,267,0,,,,,
8,25,1,297,0,,,,,
2,16,5,205,0,,,,,
8,11,3,171,0,,,,,
2,34,9,413,0,,,,,
7,28,8,371,0,,,,,
19,45,4,573,1,,,,,
0,5,4,78,0,,,,,
3,38,3,416,0,,,,,
9,39,5,470,1,,,,,
11,46,7,564,1,,,,,
1,26,5,300,0,,,,,
1,20,1,212,0,,,,,
17,32,10,475,1,,,,,
20,44,8,596,1,,,,,
8,29,5,365,0,,,,,
12,19,2,264,0,,,,,
18,19,10,350,0,,,,,
20,48,4,608,1,,,,,
19,34,2,449,0,,,,,
8,24,3,301,0,,,,,
13,34,10,475,1,,,,,
11,6,9,178,0,,,,,
14,40,2,484,1,,,,,
8,7,5,145,0,,,,,
11,26,2,329,0,,,,,
6,18,10,280,0,,,,,
1,34,4,373,0,,,,,
0,38,7,429,0,,,,,
20,24,3,361,0,,,,,
1,46,5,500,1,,,,,
0,6,9,123,0,,,,,
7,42,2,469,1,,,,,
6,48,3,531,1,,,,,
1,15,7,204,0,,,,,
8,29,7,379,0,,,,,
12,25,10,380,0,,,,,
17,15,8,291,0,,,,,
1,47,5,510,1,,,,,
8,6,10,170,0,,,,,
9,39,10,505,1,,,,,
18,5,3,161,0,,,,,
3,16,4,203,0,,,,,
0,36,6,402,0,,,,,
8,22,2,274,0,,,,,
8,21,4,278,0,,,,,
8,28,2,334,0,,,,,
11,14,3,216,0,,,,,
14,50,6,612,1,,,,,
1,38,10,455,1,,,,,
2,25,1,267,0,,,,,
17,5,2,149,0,,,,,
19,7,4,193,0,,,,,
14,19,6,302,0,,,,,
5,25,4,303,0,,,,,
10,11,2,174,0,,,,,
1,13,5,170,0,,,,,
7,22,6,297,0,,,,,
3,26,1,282,0,,,,,
7,12,6,197,0,,,,,
17,49,3,596,1,,,,,
4,43,7,499,1,,,,,
9,5,1,102,0,,,,,
14,23,6,342,0,,,,,
12,36,2,434,0,,,,,
3,30,8,371,0,,,,,
8,47,5,545,1,,,,,
17,12,2,219,0,,,,,
17,39,8,531,1,,,,,
3,48,8,551,1,,,,,
14,47,3,561,1,,,,,
19,30,2,409,0,,,,,
20,41,7,559,1,,,,,
0,9,10,160,0,,,,,
5,20,8,281,0,,,,,
16,49,3,591,1,,,,,
11,48,5,570,1,,,,,
10,18,10,300,0,,,,,
15,16,5,270,0,,,,,
14,47,1,547,1,,,,,
17,13,6,257,0,,,,,
17,34,7,474,1,,,,,
4,44,4,488,1,,,,,
13,38,1,452,1,,,,,
7,39,4,453,1,,,,,
16,7,7,199,0,,,,,
1,24,10,315,0,,,,,
2,45,7,509,1,,,,,
9,10,6,187,0,,,,,
11,9,4,173,0,,,,,
9,38,4,453,1,,,,,
7,29,9,388,0,,,,,
0,22,7,269,0,,,,,
2,10,10,180,0,,,,,
5,20,6,267,0,,,,,
4,33,9,413,0,,,,,
15,18,3,276,0,,,,,
19,40,4,523,1,,,,,
6,29,10,390,0,,,,,
6,47,3,521,1,,,,,
11,37,4,453,1,,,,,
1,38,4,413,0,,,,,
8,42,3,481,1,,,,,
8,50,7,589,1,,,,,
20,27,8,426,0,,,,,
0,20,6,242,0,,,,,
12,19,7,299,0,,,,,
0,14,7,189,0,,,,,
12,36,6,462,1,,,,,
14,30,2,384,0,,,,,
20,6,7,209,0,,,,,
4,15,4,198,0,,,,,
15,35,3,446,0,,,,,
13,20,3,286,0,,,,,
19,47,2,579,1,,,,,
10,34,7,439,0,,,,,
7,5,5,120,0,,,,,
18,37,4,488,1,,,,,
13,45,2,529,1,,,,,
5,24,1,272,0,,,,,
13,42,1,492,1,,,,,
5,6,9,148,0,,,,,
2,39,3,421,0,,,,,
2,39,4,428,0,,,,,
15,17,6,287,0,,,,,
4,17,7,239,0,,,,,
5,24,10,335,0,,,,,
1,17,9,238,0,,,,,
16,20,6,322,0,,,,,
3,33,3,366,0,,,,,
10,36,1,417,0,,,,,
2,23,3,261,0,,,,,
6,16,4,218,0,,,,,
4,20,5,255,0,,,,,
9,49,3,556,1,,,,,
19,13,5,260,0,,,,,
2,8,9,153,0,,,,,
15,45,9,588,1,,,,,
5,24,3,286,0,,,,,
15,8,10,225,0,,,,,
14,13,10,270,0,,,,,
3,11,4,153,0,,,,,
5,36,7,434,0,,,,,
11,9,9,208,0,,,,,
0,17,2,184,0,,,,,
4,18,9,263,0,,,,,
4,50,7,569,1,,,,,
11,10,8,211,0,,,,,
11,38,3,456,1,,,,,
20,29,10,460,1,,,,,
6,16,7,239,0,,,,,
9,11,6,197,0,,,,,
8,12,3,181,0,,,,,
17,6,2,159,0,,,,,
3,30,10,385,0,,,,,
2,14,3,171,0,,,,,
20,49,10,660,1,,,,,
8,46,4,528,1,,,,,
14,28,3,371,0,,,,,
6,39,4,448,0,,,,,
3,35,3,386,0,,,,,
2,8,5,125,0,,,,,
13,43,10,565,1,,,,,
17,30,8,441,0,,,,,
18,48,5,605,1,,,,,
10,10,1,157,0,,,,,
13,26,5,360,0,,,,,
18,47,10,630,1,,,,,
15,43,8,561,1,,,,,
1,9,4,123,0,,,,,
7,21,1,252,0,,,,,
7,47,10,575,1,,,,,
5,23,1,262,0,,,,,
14,15,7,269,0,,,,,
8,30,9,403,0,,,,,
13,9,3,176,0,,,,,
14,16,1,237,0,,,,,
1,13,4,163,0,,,,,
3,19,8,261,0,,,,,
15,49,9,628,1,,,,,
4,8,6,142,0,,,,,
4,30,7,369,0,,,,,
6,38,2,424,0,,,,,
3,46,10,545,1,,,,,
9,50,6,587,1,,,,,
12,45,9,573,1,,,,,
15,42,7,544,1,,,,,
13,15,10,285,0,,,,,
15,35,8,481,1,,,,,
0,33,5,365,0,,,,,
11,17,4,253,0,,,,,
3,26,5,310,0,,,,,
18,44,9,593,1,,,,,
5,20,1,232,0,,,,,
14,14,6,252,0,,,,,
0,44,4,468,1,,,,,
14,28,1,357,0,,,,,
11,31,1,372,0,,,,,
19,16,5,290,0,,,,,
19,49,10,655,1,,,,,
7,44,1,482,1,,,,,
5,17,10,265,0,,,,,
11,25,7,354,0,,,,,
20,7,1,177,0,,,,,
10,13,2,194,0,,,,,
0,13,4,158,0,,,,,
15,45,7,574,1,,,,,
15,37,6,487,1,,,,,
7,42,9,518,1,,,,,
10,11,10,230,0,,,,,
20,31,5,445,0,,,,,
13,19,3,276,0,,,,,
11,17,1,232,0,,,,,
6,7,6,142,0,,,,,
14,15,3,241,0,,,,,
6,15,6,222,0,,,,,
0,18,6,222,0,,,,,
17,12,8,261,0,,,,,
8,43,1,477,1,,,,,
11,17,8,281,0,,,,,
13,25,8,371,0,,,,,
19,6,7,204,0,,,,,
17,34,6,467,1,,,,,
20,29,4,418,0,,,,,
8,19,5,265,0,,,,,
13,19,10,325,0,,,,,
3,7,4,113,0,,,,,
7,8,10,185,0,,,,,
15,12,5,230,0,,,,,
19,20,1,302,0,,,,,
19,50,4,623,1,,,,,
5,39,3,436,0,,,,,
2,47,7,529,1,,,,,
9,17,9,278,0,,,,,
9,20,1,252,0,,,,,
19,45,10,615,1,,,,,
3,20,4,243,0,,,,,
3,10,5,150,0,,,,,
3,23,3,266,0,,,,,
14,38,5,485,1,,,,,
20,18,9,343,0,,,,,
16,26,8,396,0,,,,,
16,46,10,610,1,,,,,
17,9,10,245,0,,,,,
14,6,2,144,0,,,,,
9,37,8,471,1,,,,,
8,47,5,545,1,,,,,
14,9,7,209,0,,,,,
5,19,5,250,0,,,,,
2,26,2,284,0,,,,,
7,43,3,486,1,,,,,
3,14,4,183,0,,,,,
1,15,9,218,0,,,,,
17,44,8,581,1,,,,,
9,31,7,404,0,,,,,
1,19,6,237,0,,,,,
7,19,2,239,0,,,,,
19,17,10,335,0,,,,,
5,45,9,538,1,,,,,
7,13,10,235,0,,,,,
2,9,6,142,0,,,,,
8,27,8,366,0,,,,,
9,43,7,524,1,,,,,
3,13,5,180,0,,,,,
3,40,10,485,1,,,,,
11,9,9,208,0,,,,,
0,19,3,211,0,,,,,
14,9,6,202,0,,,,,
14,44,4,538,1,,,,,
1,24,10,315,0,,,,,
11,38,1,442,0,,,,,
5,34,10,435,0,,,,,
11,44,10,565,1,,,,,
8,39,9,493,1,,,,,
7,9,10,195,0,,,,,
4,49,6,552,1,,,,,
18,11,4,228,0,,,,,
1,33,9,398,0,,,,,
5,16,4,213,0,,,,,
11,10,3,176,0,,,,,
2,49,3,521,1,,,,,
17,7,10,225,0,,,,,
11,15,2,219,0,,,,,
19,8,9,238,0,,,,,
3,49,3,526,1,,,,,
4,9,1,117,0,,,,,
2,24,9,313,0,,,,,
16,22,5,335,0,,,,,
13,7,5,170,0,,,,,
6,39,3,441,0,,,,,
20,11,7,259,0,,,,,
20,37,10,540,1,,,,,
0,13,9,193,0,,,,,
10,15,7,249,0,,,,,
17,33,2,429,0,,,,,
0,31,4,338,0,,,,,
7,20,1,242,0,,,,,
6,43,6,502,1,,,,,
8,8,10,190,0,,,,,
5,18,9,268,0,,,,,
6,40,5,465,1,,,,,
2,29,7,349,0,,,,,
19,27,6,407,0,,,,,
13,34,8,461,1,,,,,
9,21,4,283,0,,,,,
12,43,4,518,1,,,,,
13,33,8,451,1,,,,,
17,39,1,482,1,,,,,
1,17,9,238,0,,,,,
19,38,9,538,1,,,,,
13,38,10,515,1,,,,,
15,40,4,503,1,,,,,
4,15,1,177,0,,,,,
4,46,8,536,1,,,,,
12,20,8,316,0,,,,,
8,34,8,436,0,,,,,
15,44,9,578,1,,,,,
17,19,5,310,0,,,,,
7,34,7,424,0,,,,,
2,11,6,162,0,,,,,
6,15,7,229,0,,,,,
11,38,5,470,1,,,,,
17,36,7,494,1,,,,,
12,46,8,576,1,,,,,
9,29,4,363,0,,,,,
0,46,10,530,1,,,,,
15,39,4,493,1,,,,,
1,19,4,223,0,,,,,
7,50,2,549,1,,,,,
19,34,3,456,1,,,,,
0,35,8,406,0,,,,,
9,36,5,440,0,,,,,
3,30,10,385,0,,,,,
8,43,5,505,1,,,,,
12,43,8,546,1,,,,,
15,22,1,302,0,,,,,
10,43,2,494,1,,,,,
2,21,7,269,0,,,,,
16,20,4,308,0,,,,,
7,27,7,354,0,,,,,
6,14,1,177,0,,,,,
13,42,7,534,1,,,,,
19,28,10,445,0,,,,,
16,17,3,271,0,,,,,
14,30,4,398,0,,,,,
3,46,8,531,1,,,,,
9,17,4,243,0,,,,,
10,16,4,238,0,,,,,
10,31,1,367,0,,,,,
0,17,5,205,0,,,,,
15,35,5,460,1,,,,,
14,29,9,423,0,,,,,
9,8,10,195,0,,,,,
7,25,6,327,0,,,,,
11,30,8,411,0,,,,,
0,13,10,200,0,,,,,
19,42,6,557,1,,,,,
9,44,2,499,1,,,,,
1,6,6,107,0,,,,,
1,37,8,431,0,,,,,
8,45,3,511,1,,,,,
17,5,1,142,0,,,,,
8,48,10,590,1,,,,,
1,20,6,247,0,,,,,
10,38,2,444,0,,,,,
8,23,1,277,0,,,,,
1,45,2,469,1,,,,,
7,27,2,319,0,,,,,
7,42,9,518,1,,,,,
20,14,2,254,0,,,,,
16,48,6,602,1,,,,,
20,30,1,407,0,,,,,
0,41,6,452,1,,,,,
10,20,1,257,0,,,,,
11,11,4,193,0,,,,,
15,12,6,237,0,,,,,
16,39,6,512,1,,,,,
17,24,4,353,0,,,,,
19,11,7,254,0,,,,,
14,33,4,428,0,,,,,
2,38,1,397,0,,,,,
13,32,3,406,0,,,,,
5,38,1,412,0,,,,,
7,33,5,400,0,,,,,
19,30,7,444,0,,,,,
15,49,6,607,1,,,,,
14,12,1,197,0,,,,,
8,24,1,287,0,,,,,
8,33,10,440,0,,,,,
1,50,2,519,1,,,,,
2,41,10,490,1,,,,,
7,33,2,379,0,,,,,
13,15,10,285,0,,,,,
13,5,4,143,0,,,,,
1,36,6,407,0,,,,,
11,46,6,557,1,,,,,
17,35,6,477,1,,,,,
6,37,6,442,0,,,,,
3,14,9,218,0,,,,,
19,49,6,627,1,,,,,
3,46,1,482,1,,,,,
6,16,1,197,0,,,,,
19,24,4,363,0,,,,,
20,31,8,466,1,,,,,
6,28,4,338,0,,,,,
15,7,3,166,0,,,,,
20,37,2,484,1,,,,,
20,15,3,271,0,,,,,
13,12,2,199,0,,,,,
3,7,9,148,0,,,,,
11,24,5,330,0,,,,,
3,26,1,282,0,,,,,
0,23,10,300,0,,,,,
16,8,9,223,0,,,,,
2,8,6,132,0,,,,,
18,12,6,252,0,,,,,
15,24,9,378,0,,,,,
1,40,4,433,0,,,,,
18,18,7,319,0,,,,,
17,17,8,311,0,,,,,
17,12,9,268,0,,,,,
2,33,5,375,0,,,,,
11,13,6,227,0,,,,,
1,19,2,209,0,,,,,
15,45,7,574,1,,,,,
19,16,7,304,0,,,,,
9,7,5,150,0,,,,,
17,22,7,354,0,,,,,
14,13,4,228,0,,,,,
14,33,4,428,0,,,,,
20,20,2,314,0,,,,,
19,37,9,528,1,,,,,
10,36,8,466,1,,,,,
5,23,2,269,0,,,,,
18,42,6,552,1,,,,,
8,28,9,383,0,,,,,
7,39,10,495,1,,,,,
14,35,1,427,0,,,,,
0,18,3,201,0,,,,,
19,28,7,424,0,,,,,
14,21,8,336,0,,,,,
15,38,6,497,1,,,,,
11,36,4,443,0,,,,,
16,34,10,490,1,,,,,
2,43,7,489,1,,,,,
1,32,10,395,0,,,,,
17,37,10,525,1,,,,,
10,26,3,331,0,,,,,
20,39,6,532,1,,,,,
10,9,3,161,0,,,,,
3,5,9,128,0,,,,,
4,27,5,325,0,,,,,
14,39,5,495,1,,,,,
16,29,2,384,0,,,,,
2,19,7,249,0,,,,,
11,27,1,332,0,,,,,
6,17,7,249,0,,,,,
19,45,8,601,1,,,,,
12,50,3,581,1,,,,,
13,44,6,547,1,,,,,
6,7,10,170,0,,,,,
17,13,10,285,0,,,,,
16,28,4,388,0,,,,,
20,20,6,342,0,,,,,
15,18,5,290,0,,,,,
5,48,8,561,1,,,,,
10,18,2,244,0,,,,,
4,43,8,506,1,,,,,
11,10,2,169,0,,,,,
15,14,5,250,0,,,,,
18,16,1,257,0,,,,,
19,23,3,346,0,,,,,
2,19,4,228,0,,,,,
9,33,1,382,0,,,,,
14,35,4,448,0,,,,,
0,6,6,102,0,,,,,
1,6,3,86,0,,,,,
7,46,5,530,1,,,,,
3,18,1,202,0,,,,,
19,23,4,353,0,,,,,
16,42,9,563,1,,,,,
18,8,7,219,0,,,,,
14,25,6,362,0,,,,,
7,31,10,415,0,,,,,
0,35,5,385,0,,,,,
3,20,6,257,0,,,,,
14,24,6,352,0,,,,,
7,17,7,254,0,,,,,
0,31,4,338,0,,,,,
11,8,2,149,0,,,,,
4,16,7,229,0,,,,,
8,46,3,521,1,,,,,
5,47,9,558,1,,,,,
8,11,8,206,0,,,,,
9,35,6,437,0,,,,,
0,26,6,302,0,,,,,
9,39,7,484,1,,,,,
10,24,8,346,0,,,,,
19,47,4,593,1,,,,,
17,38,8,521,1,,,,,
7,25,3,306,0,,,,,
18,23,1,327,0,,,,,
15,14,5,250,0,,,,,
16,18,10,330,0,,,,,
2,23,8,296,0,,,,,
16,23,3,331,0,,,,,
16,27,10,420,0,,,,,
10,30,1,357,0,,,,,
8,42,1,467,1,,,,,
20,18,6,322,0,,,,,
11,36,5,450,0,,,,,
14,16,10,300,0,,,,,
16,31,1,397,0,,,,,
8,44,7,529,1,,,,,
3,48,9,558,1,,,,,
0,49,6,532,1,,,,,
8,14,6,222,0,,,,,
8,50,2,554,1,,,,,
5,14,8,221,0,,,,,
5,29,6,357,0,,,,,
17,30,2,399,0,,,,,
11,23,5,320,0,,,,,
13,7,4,163,0,,,,,
6,37,10,470,1,,,,,
0,12,9,183,0,,,,,
2,14,6,192,0,,,,,
2,10,3,131,0,,,,,
14,27,6,382,0,,,,,
20,46,7,609,1,,,,,
17,43,1,522,1,,,,,
6,28,8,366,0,,,,,
20,30,7,449,0,,,,,
14,12,5,225,0,,,,,
11,47,4,553,1,,,,,
19,10,7,244,0,,,,,
5,18,10,275,0,,,,,
13,28,1,352,0,,,,,
7,48,3,536,1,,,,,
14,6,10,200,0,,,,,
10,31,8,416,0,,,,,
17,49,6,617,1,,,,,
17,48,4,593,1,,,,,
5,49,2,529,1,,,,,
0,26,3,281,0,,,,,
20,18,7,329,0,,,,,
10,26,5,345,0,,,,,
1,27,1,282,0,,,,,
6,23,6,302,0,,,,,
3,45,3,486,1,,,,,
19,32,3,436,0,,,,,
0,5,6,92,0,,,,,
2,17,4,208,0,,,,,
4,19,2,224,0,,,,,
15,43,6,547,1,,,,,
8,48,3,541,1,,,,,
15,45,2,539,1,,,,,
5,12,4,173,0,,,,,
3,17,9,248,0,,,,,
6,16,2,204,0,,,,,
1,27,8,331,0,,,,,
13,9,10,225,0,,,,,
8,39,4,458,1,,,,,
12,18,8,296,0,,,,,
12,24,6,342,0,,,,,
8,27,1,317,0,,,,,
2,17,9,243,0,,,,,
14,42,10,560,1,,,,,
1,37,10,445,0,,,,,
16,6,2,154,0,,,,,
1,37,2,389,0,,,,,
12,29,4,378,0,,,,,
16,47,1,557,1,,,,,
18,6,7,199,0,,,,,
15,39,2,479,1,,,,,
16,42,1,507,1,,,,,
19,39,9,548,1,,,,,
0,24,1,247,0,,,,,
8,18,4,248,0,,,,,
13,26,3,346,0,,,,,
8,7,3,131,0,,,,,
3,24,7,304,0,,,,,
9,49,2,549,1,,,,,
1,8,3,106,0,,,,,
15,9,1,172,0,,,,,
11,22,3,296,0,,,,,
19,5,9,208,0,,,,,
17,45,5,570,1,,,,,
19,13,10,295,0,,,,,
5,48,2,519,1,,,,,
0,38,4,408,0,,,,,
15,46,2,549,1,,,,,
7,39,4,453,1,,,,,
11,21,10,335,0,,,,,
3,42,3,456,1,,,,,
7,30,4,363,0,,,,,
7,6,10,165,0,,,,,
7,26,2,309,0,,,,,
4,44,7,509,1,,,,,
18,37,4,488,1,,,,,
18,25,10,410,0,,,,,
5,7,8,151,0,,,,,
15,28,4,383,0,,,,,
1,8,3,106,0,,,,,
19,42,2,529,1,,,,,
5,23,3,276,0,,,,,
6,25,7,329,0,,,,,
16,16,3,261,0,,,,,
0,29,4,318,0,,,,,
20,11,10,280,0,,,,,
19,30,3,416,0,,,,,
3,44,9,518,1,,,,,
19,33,3,446,0,,,,,
6,45,5,515,1,,,,,
9,36,3,426,0,,,,,
7,35,10,455,1,,,,,
10,49,9,603,1,,,,,
2,30,2,324,0,,,,,
9,34,2,399,0,,,,,
0,23,1,237,0,,,,,
6,38,8,466,1,,,,,
13,24,10,375,0,,,,,
19,5,1,152,0,,,,,
10,25,2,314,0,,,,,
5,22,3,266,0,,,,,
0,31,2,324,0,,,,,
8,38,9,483,1,,,,,
20,7,10,240,0,,,,,
9,23,10,345,0,,,,,
1,26,9,328,0,,,,,
15,26,1,342,0,,,,,
2,38,2,404,0,,,,,
11,45,9,568,1,,,,,
2,15,5,195,0,,,,,
14,26,8,386,0,,,,,
20,49,4,618,1,,,,,
5,49,7,564,1,,,,,
12,10,9,223,0,,,,,
12,21,9,333,0,,,,,
17,49,3,596,1,,,,,
17,27,6,397,0,,,,,
6,29,9,383,0,,,,,
16,33,3,431,0,,,,,
8,9,9,193,0,,,,,
12,25,9,373,0,,,,,
11,44,1,502,1,,,,,
6,47,9,563,1,,,,,
1,45,9,518,1,,,,,
11,25,5,340,0,,,,,
16,6,2,154,0,,,,,
14,38,2,464,1,,,,,
8,19,9,293,0,,,,,
5,27,1,302,0,,,,,
11,44,4,523,1,,,,,
10,48,9,593,1,,,,,
16,30,8,436,0,,,,,
7,35,9,448,0,,,,,
2,7,5,115,0,,,,,
5,32,9,408,0,,,,,
17,26,4,373,0,,,,,
13,8,9,208,0,,,,,
8,12,3,181,0,,,,,
19,43,9,588,1,,,,,
19,38,10,545,1,,,,,
17,44,4,553,1,,,,,
17,39,10,545,1,,,,,
14,48,10,620,1,,,,,
6,28,9,373,0,,,,,
6,10,7,179,0,,,,,
3,46,6,517,1,,,,,
9,24,10,355,0,,,,,
12,26,5,355,0,,,,,
16,24,3,341,0,,,,,
11,8,10,205,0,,,,,
20,19,5,325,0,,,,,
18,15,4,268,0,,,,,
13,37,1,442,0,,,,,
1,28,4,313,0,,,,,
8,8,3,141,0,,,,,
18,50,4,618,1,,,,,
4,18,1,207,0,,,,,
14,30,4,398,0,,,,,
4,15,5,205,0,,,,,
13,40,7,514,1,,,,,
14,32,6,432,0,,,,,
7,20,7,284,0,,,,,
5,19,4,243,0,,,,,
11,29,8,401,0,,,,,
19,22,6,357,0,,,,,
1,47,9,538,1,,,,,
0,8,4,108,0,,,,,
6,6,10,160,0,,,,,
14,32,9,453,1,,,,,
6,14,2,184,0,,,,,
13,33,4,423,0,,,,,
5,26,10,355,0,,,,,
14,34,5,445,0,,,,,
3,48,10,565,1,,,,,
4,14,4,188,0,,,,,
16,40,6,522,1,,,,,
15,46,3,556,1,,,,,
1,15,5,190,0,,,,,
13,31,6,417,0,,,,,
7,13,1,172,0,,,,,
0,29,3,311,0,,,,,
10,36,5,445,0,,,,,
8,10,10,210,0,,,,,
20,13,5,265,0,,,,,
5,12,7,194,0,,,,,
0,44,9,503,1,,,,,
15,8,4,183,0,,,,,
9,21,5,290,0,,,,,
14,20,10,340,0,,,,,
17,8,1,172,0,,,,,
20,35,9,513,1,,,,,
1,34,7,394,0,,,,,
1,46,2,479,1,,,,,
9,47,5,550,1,,,,,
19,46,1,562,1,,,,,
3,41,5,460,1,,,,,
2,21,1,227,0,,,,,
11,15,6,247,0,,,,,
2,50,3,531,1,,,,,
16,19,3,291,0,,,,,
17,34,6,467,1,,,,,
18,26,9,413,0,,,,,
20,30,3,421,0,,,,,
5,18,4,233,0,,,,,
3,37,8,441,0,,,,,
15,28,7,404,0,,,,,
0,33,5,365,0,,,,,
6,49,6,562,1,,,,,
14,22,8,346,0,,,,,
9,50,7,594,1,,,,,
8,26,2,314,0,,,,,
7,41,3,466,1,,,,,
12,19,1,257,0,,,,,
2,50,5,545,1,,,,,
20,6,10,230,0,,,,,
15,44,10,585,1,,,,,
8,33,10,440,0,,,,,
7,39,6,467,1,,,,,
0,31,8,366,0,,,,,
16,27,8,406,0,,,,,
12,43,9,553,1,,,,,
19,8,8,231,0,,,,,
18,9,7,229,0,,,,,
9,27,8,371,0,,,,,
11,22,10,345,0,,,,,
15,34,5,450,0,,,,,
7,24,2,289,0,,,,,
8,11,2,164,0,,,,,
18,21,4,328,0,,,,,
13,45,7,564,1,,,,,
1,22,1,232,0,,,,,
12,30,2,374,0,,,,,
4,26,2,294,0,,,,,
5,44,7,514,1,,,,,
20,16,8,316,0,,,,,
18,45,3,561,1,,,,,
14,34,2,424,0,,,,,
1,24,7,294,0,,,,,
14,33,4,428,0,,,,,
3,40,3,436,0,,,,,
7,45,7,534,1,,,,,
0,6,9,123,0,,,,,
5,43,10,525,1,,,,,
7,42,5,490,1,,,,,
16,39,6,512,1,,,,,
0,44,10,510,1,,,,,
2,22,1,237,0,,,,,
14,33,1,407,0,,,,,
11,21,7,314,0,,,,,
3,10,10,185,0,,,,,
10,19,2,254,0,,,,,
7,36,6,437,0,,,,,
8,43,6,512,1,,,,,
19,5,8,201,0,,,,,
12,21,4,298,0,,,,,
1,43,1,442,0,,,,,
16,35,7,479,1,,,,,
15,21,4,313,0,,,,,
13,22,1,292,0,,,,,
3,10,6,157,0,,,,,
12,25,1,317,0,,,,,
17,35,4,463,1,,,,,
2,22,7,279,0,,,,,
16,33,5,445,0,,,,,
16,9,4,198,0,,,,,
13,36,4,453,1,,,,,
3,35,4,393,0,,,,,
17,45,10,605,1,,,,,
20,29,7,439,0,,,,,
4,38,9,463,1,,,,,
7,10,8,191,0,,,,,
15,20,2,289,0,,,,,
11,44,2,509,1,,,,,
4,27,5,325,0,,,,,
5,34,2,379,0,,,,,
5,18,5,240,0,,,,,
15,36,10,505,1,,,,,
3,12,10,205,0,,,,,
11,17,10,295,0,,,,,
0,31,3,331,0,,,,,
1,25,6,297,0,,,,,
10,43,7,529,1,,,,,
8,49,7,579,1,,,,,
14,36,3,451,1,,,,,
2,22,9,293,0,,,,,
19,26,2,369,0,,,,,
20,38,2,494,1,,,,,
20,16,1,267,0,,,,,
3,38,7,444,0,,,,,
8,28,1,327,0,,,,,
13,21,6,317,0,,,,,
18,47,1,567,1,,,,,
3,48,2,509,1,,,,,
16,28,8,416,0,,,,,
18,22,2,324,0,,,,,
6,21,5,275,0,,,,,
18,49,8,636,1,,,,,
15,42,4,523,1,,,,,
13,29,9,418,0,,,,,
6,44,1,477,1,,,,,
8,40,10,510,1,,,,,
7,13,3,186,0,,,,,
1,30,8,361,0,,,,,
20,37,4,498,1,,,,,
7,30,3,356,0,,,,,
19,49,8,641,1,,,,,
9,21,3,276,0,,,,,
15,45,9,588,1,,,,,
3,46,2,489,1,,,,,
20,18,3,301,0,,,,,
2,21,7,269,0,,,,,
17,21,1,302,0,,,,,
7,25,4,313,0,,,,,
3,22,3,256,0,,,,,
9,20,3,266,0,,,,,
4,34,1,367,0,,,,,
0,44,7,489,1,,,,,
11,41,8,521,1,,,,,
6,36,5,425,0,,,,,
14,10,10,240,0,,,,,
16,10,2,194,0,,,,,
2,23,5,275,0,,,,,
3,24,2,269,0,,,,,
17,37,5,490,1,,,,,
0,49,6,532,1,,,,,
5,48,6,547,1,,,,,
4,22,2,254,0,,,,,
9,26,8,361,0,,,,,
10,22,1,277,0,,,,,
10,28,3,351,0,,,,,
13,43,6,537,1,,,,,
3,27,2,299,0,,,,,
9,38,10,495,1,,,,,
14,20,5,305,0,,,,,
20,42,4,548,1,,,,,
11,30,7,404,0,,,,,
19,11,5,240,0,,,,,
0,50,1,507,1,,,,,
5,24,4,293,0,,,,,
13,45,6,557,1,,,,,
11,11,7,214,0,,,,,
1,36,3,386,0,,,,,
18,39,9,543,1,,,,,
1,41,4,443,0,,,,,
11,50,1,562,1,,,,,
17,47,4,583,1,,,,,
2,23,2,254,0,,,,,
15,42,7,544,1,,,,,
15,16,8,291,0,,,,,
7,26,9,358,0,,,,,
13,22,2,299,0,,,,,
9,24,1,292,0,,,,,
19,46,8,611,1,,,,,
5,12,5,180,0,,,,,
7,44,9,538,1,,,,,
18,12,3,231,0,,,,,
15,27,10,415,0,,,,,
3,35,3,386,0,,,,,
18,17,8,316,0,,,,,
6,23,9,323,0,,,,,
15,12,4,223,0,,,,,
14,31,6,422,0,,,,,
0,33,1,337,0,,,,,
6,9,9,183,0,,,,,
0,32,3,341,0,,,,,
19,18,7,324,0,,,,,
15,44,5,550,1,,,,,
18,22,2,324,0,,,,,
15,39,3,486,1,,,,,
8,31,8,406,0,,,,,
16,11,4,218,0,,,,,
7,29,1,332,0,,,,,
3,11,2,139,0,,,,,
5,47,4,523,1,,,,,
20,6,6,202,0,,,,,
5,40,4,453,1,,,,,
8,23,10,340,0,,,,,
19,34,1,442,0,,,,,
19,5,5,180,0,,,,,
3,11,10,195,0,,,,,
17,15,3,256,0,,,,,
8,24,3,301,0,,,,,
13,44,7,554,1,,,,,
15,6,7,184,0,,,,,
5,23,8,311,0,,,,,
19,5,5,180,0,,,,,
6,33,8,416,0,,,,,
12,18,2,254,0,,,,,
6,40,7,479,1,,,,,
17,22,9,368,0,,,,,
18,33,8,476,1,,,,,
10,17,10,290,0,,,,,
18,39,9,543,1,,,,,
11,48,2,549,1,,,,,
15,16,1,242,0,,,,,
3,33,7,394,0,,,,,
13,44,4,533,1,,,,,
19,27,8,421,0,,,,,
1,50,6,547,1,,,,,
9,36,1,412,0,,,,,
1,35,3,376,0,,,,,
11,44,5,530,1,,,,,
2,30,6,352,0,,,,,
0,12,5,155,0,,,,,
6,13,10,230,0,,,,,
16,18,2,274,0,,,,,
18,6,8,206,0,,,,,
15,40,4,503,1,,,,,
11,30,10,425,0,,,,,
5,34,10,435,0,,,,,
1,20,9,268,0,,,,,
20,12,6,262,0,,,,,
12,49,7,599,1,,,,,
12,10,8,216,0,,,,,
7,9,9,188,0,,,,,
13,20,2,279,0,,,,,
0,6,6,102,0,,,,,
20,38,3,501,1,,,,,
20,5,6,192,0,,,,,
14,35,7,469,1,,,,,
6,12,2,164,0,,,,,
9,20,9,308,0,,,,,
8,16,1,207,0,,,,,
7,18,9,278,0,,,,,
11,35,5,440,0,,,,,
12,38,6,482,1,,,,,
10,14,3,211,0,,,,,
8,43,8,526,1,,,,,
12,42,4,508,1,,,,,
10,19,10,310,0,,,,,
18,36,3,471,1,,,,,
15,49,1,572,1,,,,,
20,9,10,260,0,,,,,
20,36,8,516,1,,,,,
20,24,2,354,0,,,,,
7,11,8,201,0,,,,,
15,10,7,224,0,,,,,
5,35,7,424,0,,,,,
9,16,9,268,0,,,,,
15,40,6,517,1,,,,,
19,28,5,410,0,,,,,
0,37,7,419,0,,,,,
18,43,9,583,1,,,,,
5,24,5,300,0,,,,,
19,21,2,319,0,,,,,
17,40,2,499,1,,,,,
6,44,1,477,1,,,,,
10,13,9,243,0,,,,,
19,47,3,586,1,,,,,
19,19,7,334,0,,,,,
13,43,8,551,1,,,,,
13,34,7,454,1,,,,,
2,19,3,221,0,,,,,
20,17,3,291,0,,,,,
18,12,10,280,0,,,,,
8,45,2,504,1,,,,,
2,27,3,301,0,,,,,
13,6,8,181,0,,,,,
11,9,5,180,0,,,,,
0,23,5,265,0,,,,,
12,13,8,246,0,,,,,
1,50,1,512,1,,,,,
17,10,1,192,0,,,,,
19,22,1,322,0,,,,,
15,21,7,334,0,,,,,
13,45,9,578,1,,,,,
12,25,10,380,0,,,,,
15,48,9,618,1,,,,,
12,35,8,466,1,,,,,
3,8,4,123,0,,,,,
20,40,10,570,1,,,,,
8,32,6,402,0,,,,,
15,46,5,570,1,,,,,
1,48,9,548,1,,,,,
14,34,9,473,1,,,,,
1,24,6,287,0,,,,,
9,20,6,287,0,,,,,
0,10,5,135,0,,,,,
18,24,3,351,0,,,,,
11,43,2,499,1,,,,,
14,46,7,579,1,,,,,
12,42,8,536,1,,,,,
7,30,1,342,0,,,,,
17,21,4,323,0,,,,,
0,15,1,157,0,,,,,
16,25,10,400,0,,,,,
2,41,10,490,1,,,,,
19,41,8,561,1,,,,,
2,37,3,401,0,,,,,
4,40,8,476,1,,,,,
4,17,2,204,0,,,,,
14,44,4,538,1,,,,,
14,40,7,519,1,,,,,
5,33,6,397,0,,,,,
13,34,4,433,0,,,,,
1,30,9,368,0,,,,,
6,50,5,565,1,,,,,
6,40,5,465,1,,,,,
17,27,8,411,0,,,,,
1,35,10,425,0,,,,,
1,38,7,434,0,,,,,
9,16,3,226,0,,,,,
14,33,7,449,0,,,,,
2,19,1,207,0,,,,,
17,18,4,293,0,,,,,
20,23,7,379,0,,,,,
19,46,4,583,1,,,,,
20,28,10,450,0,,,,,
12,23,6,332,0,,,,,
0,25,9,313,0,,,,,
17,5,8,191,0,,,,,
5,35,7,424,0,,,,,
3,23,7,294,0,,,,,
17,46,9,608,1,,,,,
13,45,6,557,1,,,,,
16,46,9,603,1,,,,,
20,6,4,188,0,,,,,
10,22,6,312,0,,,,,
18,29,8,436,0,,,,,
9,34,4,413,0,,,,,
14,33,6,442,0,,,,,
17,24,2,339,0,,,,,
19,49,5,620,1,,,,,
5,28,2,319,0,,,,,
3,17,7,234,0,,,,,
19,25,4,373,0,,,,,
8,45,9,553,1,,,,,
7,5,10,155,0,,,,,
18,28,4,398,0,,,,,
17,8,10,235,0,,,,,
1,15,1,162,0,,,,,
12,29,4,378,0,,,,,
3,22,7,284,0,,,,,
16,44,5,555,1,,,,,
1,6,2,79,0,,,,,
1,49,9,558,1,,,,,
8,29,9,393,0,,,,,
20,18,4,308,0,,,,,
1,42,4,453,1,,,,,
6,46,7,539,1,,,,,
17,43,4,543,1,,,,,
1,41,9,478,1,,,,,
2,18,4,218,0,,,,,
8,20,3,261,0,,,,,
16,42,7,549,1,,,,,
20,38,8,536,1,,,,,
16,21,7,339,0,,,,,
19,13,8,281,0,,,,,
11,29,1,352,0,,,,,
11,47,1,532,1,,,,,
17,16,10,315,0,,,,,
17,18,3,286,0,,,,,
11,36,6,457,1,,,,,
9,25,6,337,0,,,,,
4,39,5,445,0,,,,,
11,23,7,334,0,,,,,
11,6,10,185,0,,,,,
17,6,7,194,0,,,,,
20,48,5,615,1,,,,,
12,23,2,304,0,,,,,
12,33,6,432,0,,,,,
11,38,10,505,1,,,,,
4,30,7,369,0,,,,,
18,17,3,281,0,,,,,
8,20,3,261,0,,,,,
1,47,5,510,1,,,,,
14,39,5,495,1,,,,,
20,16,8,316,0,,,,,
6,6,8,146,0,,,,,
10,43,6,522,1,,,,,
18,36,10,520,1,,,,,
18,25,3,361,0,,,,,
5,17,3,216,0,,,,,
2,19,5,235,0,,,,,
12,35,8,466,1,,,,,
0,46,5,495,1,,,,,
17,8,2,179,0,,,,,
4,29,2,324,0,,,,,
11,36,4,443,0,,,,,
14,35,9,483,1,,,,,
19,13,2,239,0,,,,,
8,12,1,167,0,,,,,
16,8,4,188,0,,,,,
17,49,10,645,1,,,,,
10,38,10,500,1,,,,,
0,34,1,347,0,,,,,
8,39,5,465,1,,,,,
16,18,3,281,0,,,,,
18,15,7,289,0,,,,,
10,23,7,329,0,,,,,
4,41,10,500,1,,,,,
17,17,9,318,0,,,,,
17,15,7,284,0,,,,,
3,34,2,369,0,,,,,
9,35,2,409,0,,,,,
15,39,2,479,1,,,,,
13,28,10,415,0,,,,,
17,14,10,295,0,,,,,
13,39,6,497,1,,,,,
7,26,5,330,0,,,,,
12,20,3,281,0,,,,,
16,40,8,536,1,,,,,
7,10,6,177,0,,,,,
0,42,10,490,1,,,,,
4,22,1,247,0,,,,,
18,15,8,296,0,,,,,
9,37,7,464,1,,,,,
15,35,4,453,1,,,,,
15,20,3,296,0,,,,,
15,21,7,334,0,,,,,
4,49,6,552,1,,,,,
19,13,2,239,0,,,,,
6,46,5,525,1,,,,,
13,15,9,278,0,,,,,
17,19,5,310,0,,,,,
13,39,6,497,1,,,,,
12,40,10,530,1,,,,,
17,6,4,173,0,,,,,
10,41,2,474,1,,,,,
10,50,3,571,1,,,,,
4,16,3,201,0,,,,,
11,23,9,348,0,,,,,
2,48,1,497,1,,,,,
6,41,5,475,1,,,,,
7,34,10,445,0,,,,,
19,33,1,432,0,,,,,
2,29,1,307,0,,,,,
20,6,7,209,0,,,,,
11,33,10,455,1,,,,,
15,12,4,223,0,,,,,
18,19,1,287,0,,,,,
2,48,9,553,1,,,,,
16,32,3,421,0,,,,,
10,12,3,191,0,,,,,
11,15,9,268,0,,,,,
4,50,4,548,1,,,,,
15,5,9,188,0,,,,,
13,8,7,194,0,,,,,
13,14,5,240,0,,,,,
1,32,5,360,0,,,,,
17,12,6,247,0,,,,,
12,28,5,375,0,,,,,
20,30,5,435,0,,,,,
11,17,9,288,0,,,,,
7,45,9,548,1,,,,,
12,27,2,344,0,,,,,
16,36,3,461,1,,,,,
15,37,5,480,1,,,,,
12,47,6,572,1,,,,,
12,28,5,375,0,,,,,
17,45,5,570,1,,,,,
20,37,6,512,1,,,,,
2,42,4,458,1,,,,,
18,19,4,308,0,,,,,
12,31,4,398,0,,,,,
9,11,2,169,0,,,,,
11,8,6,177,0,,,,,
18,30,9,453,1,,,,,
16,21,4,318,0,,,,,
4,33,7,399,0,,,,,
0,36,6,402,0,,,,,
11,8,6,177,0,,,,,
19,26,9,418,0,,,,,
16,43,9,573,1,,,,,
3,43,4,473,1,,,,,
13,17,9,298,0,,,,,
19,17,10,335,0,,,,,
0,14,6,182,0,,,,,
20,7,10,240,0,,,,,
13,10,1,172,0,,,,,
9,36,3,426,0,,,,,
16,7,1,157,0,,,,,
6,42,6,492,1,,,,,
19,42,8,571,1,,,,,
12,9,2,164,0,,,,,
18,18,5,305,0,,,,,
3,30,5,350,0,,,,,
12,27,1,337,0,,,,,
3,29,5,340,0,,,,,
10,18,8,286,0,,,,,
12,44,7,549,1,,,,,
12,15,7,259,0,,,,,
4,39,9,473,1,,,,,
17,11,8,251,0,,,,,
6,8,6,152,0,,,,,
10,9,6,182,0,,,,,
10,46,7,559,1,,,,,
15,50,2,589,1,,,,,
13,13,1,202,0,,,,,
17,17,4,283,0,,,,,
18,47,10,630,1,,,,,
10,39,7,489,1,,,,,
1,7,9,138,0,,,,,
6,31,10,410,0,,,,,
5,23,7,304,0,,,,,
3,44,1,462,1,,,,,
9,16,2,219,0,,,,,
18,40,1,497,1,,,,,
2,37,6,422,0,,,,,
11,37,7,474,1,,,,,
7,25,2,299,0,,,,,
15,47,6,587,1,,,,,
17,29,5,410,0,,,,,
17,5,10,205,0,,,,,
2,23,2,254,0,,,,,
17,38,10,535,1,,,,,
4,26,6,322,0,,,,,
12,34,8,456,1,,,,,
0,31,2,324,0,,,,,
3,10,9,178,0,,,,,
19,34,10,505,1,,,,,
8,39,2,444,0,,,,,
8,39,7,479,1,,,,,
11,16,8,271,0,,,,,
4,9,7,159,0,,,,,
19,13,3,246,0,,,,,
10,44,1,497,1,,,,,
1,24,3,266,0,,,,,
19,23,4,353,0,,,,,
10,9,7,189,0,,,,,
1,5,3,76,0,,,,,
16,25,7,379,0,,,,,
19,45,5,580,1,,,,,
6,12,6,192,0,,,,,
6,22,1,257,0,,,,,
4,45,4,498,1,,,,,
3,15,9,228,0,,,,,
12,23,4,318,0,,,,,
9,42,7,514,1,,,,,
5,16,7,234,0,,,,,
15,10,5,210,0,,,,,
8,34,4,408,0,,,,,
14,15,8,276,0,,,,,
10,11,3,181,0,,,,,
19,19,4,313,0,,,,,
6,36,4,418,0,,,,,
15,11,10,255,0,,,,,
14,50,1,577,1,,,,,
6,22,10,320,0,,,,,
11,19,10,315,0,,,,,
8,35,4,418,0,,,,,
3,50,5,550,1,,,,,
5,20,6,267,0,,,,,
6,17,7,249,0,,,,,
12,24,6,342,0,,,,,
8,6,3,121,0,,,,,
5,16,10,255,0,,,,,
17,26,1,352,0,,,,,
2,17,1,187,0,,,,,
3,44,7,504,1,,,,,
16,22,1,307,0,,,,,
19,24,10,405,0,,,,,
8,35,5,425,0,,,,,
4,17,4,218,0,,,,,
8,48,1,527,1,,,,,
17,45,9,598,1,,,,,
9,23,9,338,0,,,,,
4,21,6,272,0,,,,,
5,35,8,431,0,,,,,
0,23,5,265,0,,,,,
17,44,8,581,1,,,,,
13,10,10,235,0,,,,,
8,47,2,524,1,,,,,
0,47,9,533,1,,,,,
11,45,6,547,1,,,,,
14,13,10,270,0,,,,,
15,32,1,402,0,,,,,
8,33,5,405,0,,,,,
13,9,8,211,0,,,,,
13,23,2,309,0,,,,,
5,7,9,158,0,,,,,
10,31,7,409,0,,,,,
14,44,3,531,1,,,,,
20,19,6,332,0,,,,,
17,8,6,207,0,,,,,
18,41,9,563,1,,,,,
20,7,6,212,0,,,,,
20,34,8,496,1,,,,,
3,50,8,571,1,,,,,
13,46,1,532,1,,,,,
11,7,1,132,0,,,,,
12,44,1,507,1,,,,,
14,34,10,480,1,,,,,
2,11,4,148,0,,,,,
13,46,1,532,1,,,,,
4,23,2,264,0,,,,,
7,45,10,555,1,,,,,
20,23,8,386,0,,,,,
8,35,3,411,0,,,,,
16,8,6,202,0,,,,,
18,47,2,574,1,,,,,
0,9,2,104,0,,,,,
7,13,2,179,0,,,,,
7,27,6,347,0,,,,,
16,14,8,276,0,,,,,
3,24,9,318,0,,,,,
11,9,10,215,0,,,,,
13,14,3,226,0,,,,,
10,25,3,321,0,,,,,
19,40,4,523,1,,,,,
0,6,4,88,0,,,,,
1,36,5,400,0,,,,,
2,25,6,302,0,,,,,
19,42,7,564,1,,,,,
7,45,3,506,1,,,,,
4,23,10,320,0,,,,,
4,39,5,445,0,,,,,
17,14,5,260,0,,,,,
9,27,8,371,0,,,,,
16,30,5,415,0,,,,,
9,41,8,511,1,,,,,
12,21,6,312,0,,,,,
15,42,6,537,1,,,,,
13,43,8,551,1,,,,,
11,10,8,211,0,,,,,
7,36,4,423,0,,,,,
4,25,4,298,0,,,,,
7,8,2,129,0,,,,,
10,7,10,190,0,,,,,
19,26,3,376,0,,,,,
3,5,1,72,0,,,,,
13,19,9,318,0,,,,,
20,6,5,195,0,,,,,
13,23,6,337,0,,,,,
13,12,9,248,0,,,,,
14,36,2,444,0,,,,,
9,24,5,320,0,,,,,
5,28,9,368,0,,,,,
16,13,9,273,0,,,,,
16,29,7,419,0,,,,,
1,44,5,480,1,,,,,
15,8,2,169,0,,,,,
4,49,2,524,1,,,,,
13,13,1,202,0,,,,,
16,41,5,525,1,,,,,
17,36,4,473,1,,,,,
14,7,4,168,0,,,,,
12,28,5,375,0,,,,,
9,16,8,261,0,,,,,
10,19,2,254,0,,,,,
13,24,9,368,0,,,,,
2,22,8,286,0,,,,,
9,6,5,140,0,,,,,
20,45,5,585,1,,,,,
9,50,7,594,1,,,,,
14,14,8,266,0,,,,,
2,44,8,506,1,,,,,
8,20,2,254,0,,,,,
8,27,7,359,0,,,,,
18,30,5,425,0,,,,,
3,49,9,568,1,,,,,
3,44,8,511,1,,,,,
13,21,6,317,0,,,,,
20,48,7,629,1,,,,,
5,12,8,201,0,,,,,
12,35,10,480,1,,,,,
6,21,10,310,0,,,,,
17,26,9,408,0,,,,,
9,35,2,409,0,,,,,
2,41,9,483,1,,,,,
19,16,3,276,0,,,,,
7,29,1,332,0,,,,,
7,5,6,127,0,,,,,
9,7,6,157,0,,,,,
20,30,10,470,1,,,,,
6,7,7,149,0,,,,,
12,25,1,317,0,,,,,
6,12,5,185,0,,,,,
20,37,5,505,1,,,,,
16,27,2,364,0,,,,,
3,11,1,132,0,,,,,
7,27,4,333,0,,,,,
11,25,5,340,0,,,,,
11,34,4,423,0,,,,,
13,17,7,284,0,,,,,
9,15,6,237,0,,,,,
12,14,4,228,0,,,,,
2,25,5,295,0,,,,,
18,17,1,267,0,,,,,
13,10,3,186,0,,,,,
17,17,5,290,0,,,,,
6,29,2,334,0,,,,,
2,9,5,135,0,,,,,
16,22,1,307,0,,,,,
12,13,4,218,0,,,,,
12,46,1,527,1,,,,,
11,40,9,518,1,,,,,
10,35,7,449,0,,,,,
12,9,1,157,0,,,,,
7,28,6,357,0,,,,,
1,31,4,343,0,,,,,
1,36,3,386,0,,,,,
8,29,5,365,0,,,,,
3,21,2,239,0,,,,,
15,42,8,551,1,,,,,
16,5,10,200,0,,,,,
3,21,2,239,0,,,,,
3,28,3,316,0,,,,,
11,23,1,292,0,,,,,
3,31,6,367,0,,,,,
7,27,2,319,0,,,,,
0,28,6,322,0,,,,,
9,9,5,170,0,,,,,
11,11,6,207,0,,,,,
20,32,2,434,0,,,,,
10,41,1,467,1,,,,,
6,14,9,233,0,,,,,
17,13,1,222,0,,,,,
8,16,8,256,0,,,,,
4,24,8,316,0,,,,,
3,33,6,387,0,,,,,
3,32,2,349,0,,,,,
2,17,1,187,0,,,,,
15,46,8,591,1,,,,,
13,11,6,217,0,,,,,
16,26,5,375,0,,,,,
9,40,4,473,1,,,,,
16,36,4,468,1,,,,,
6,15,3,201,0,,,,,
14,49,5,595,1,,,,,
4,30,2,334,0,,,,,
15,14,2,229,0,,,,,
6,13,7,209,0,,,,,
12,36,6,462,1,,,,,
16,29,2,384,0,,,,,
16,41,4,518,1,,,,,
16,16,2,254,0,,,,,
5,42,10,515,1,,,,,
3,8,5,130,0,,,,,
5,8,10,175,0,,,,,
13,34,7,454,1,,,,,
10,17,6,262,0,,,,,
11,36,6,457,1,,,,,
8,18,7,269,0,,,,,
2,32,1,337,0,,,,,
8,47,7,559,1,,,,,
9,6,4,133,0,,,,,
7,7,6,147,0,,,,,
5,15,1,182,0,,,,,
16,23,6,352,0,,,,,
5,42,10,515,1,,,,,
3,34,6,397,0,,,,,
0,15,7,199,0,,,,,
3,21,3,246,0,,,,,
8,16,3,221,0,,,,,
15,37,5,480,1,,,,,
15,31,9,448,0,,,,,
10,40,2,464,1,,,,,
20,30,7,449,0,,,,,
9,31,5,390,0,,,,,
5,26,7,334,0,,,,,
13,11,1,182,0,,,,,
18,27,7,409,0,,,,,
13,46,9,588,1,,,,,
18,21,1,307,0,,,,,
12,26,8,376,0,,,,,
2,20,2,224,0,,,,,
16,26,8,396,0,,,,,
17,8,1,172,0,,,,,
6,50,5,565,1,,,,,
16,36,9,503,1,,,,,
9,33,1,382,0,,,,,
18,10,2,204,0,,,,,
7,50,4,563,1,,,,,
15,37,4,473,1,,,,,
7,45,8,541,1,,,,,
15,22,1,302,0,,,,,
18,47,1,567,1,,,,,
8,17,8,266,0,,,,,
8,32,3,381,0,,,,,
0,46,9,523,1,,,,,
9,34,10,455,1,,,,,
6,20,5,265,0,,,,,
18,9,3,201,0,,,,,
9,42,8,521,1,,,,,
2,40,2,424,0,,,,,
13,11,7,224,0,,,,,
1,47,7,524,1,,,,,
18,43,7,569,1,,,,,
16,32,3,421,0,,,,,
18,44,7,579,1,,,,,
0,10,10,170,0,,,,,
7,22,4,283,0,,,,,
12,23,3,311,0,,,,,
4,15,3,191,0,,,,,
2,29,2,314,0,,,,,
14,48,9,613,1,,,,,
6,37,9,463,1,,,,,
17,48,2,579,1,,,,,
14,16,4,258,0,,,,,
7,20,10,305,0,,,,,
4,24,2,274,0,,,,,
6,34,8,426,0,,,,,
16,33,3,431,0,,,,,
11,29,10,415,0,,,,,
20,32,2,434,0,,,,,
2,33,1,347,0,,,,,
20,49,3,611,1,,,,,
17,16,10,315,0,,,,,
1,48,9,548,1,,,,,
13,24,4,333,0,,,,,
14,32,6,432,0,,,,,
11,39,9,508,1,,,,,
3,26,8,331,0,,,,,
10,5,3,121,0,,,,,
3,6,8,131,0,,,,,
13,10,6,207,0,,,,,
4,17,5,225,0,,,,,
15,9,1,172,0,,,,,
18,12,7,259,0,,,,,
19,45,7,594,1,,,,,
13,12,7,234,0,,,,,
3,41,8,481,1,,,,,
13,28,8,401,0,,,,,
20,23,7,379,0,,,,,
3,40,4,443,0,,,,,
12,30,7,409,0,,,,,
15,27,4,373,0,,,,,
5,18,1,212,0,,,,,
5,12,8,201,0,,,,,
14,35,4,448,0,,,,,
17,36,1,452,1,,,,,
0,34,1,347,0,,,,,
19,24,3,356,0,,,,,
1,50,10,575,1,,,,,
5,10,3,146,0,,,,,
9,9,8,191,0,,,,,
13,12,6,227,0,,,,,
6,45,8,536,1,,,,,
6,43,10,530,1,,,,,
2,43,3,461,1,,,,,
2,47,3,501,1,,,,,
20,33,5,465,1,,,,,
10,28,2,344,0,,,,,
17,24,3,346,0,,,,,
7,24,10,345,0,,,,,
17,11,3,216,0,,,,,
17,15,1,242,0,,,,,
17,34,1,432,0,,,,,
14,17,9,303,0,,,,,
9,31,10,425,0,,,,,
9,50,9,608,1,,,,,
14,16,10,300,0,,,,,
12,8,5,175,0,,,,,
3,20,1,222,0,,,,,
18,41,5,535,1,,,,,
1,37,4,403,0,,,,,
4,40,3,441,0,,,,,
6,15,7,229,0,,,,,
6,42,9,513,1,,,,,
6,24,3,291,0,,,,,
9,42,2,479,1,,,,,
19,24,6,377,0,,,,,
5,39,9,478,1,,,,,
4,24,9,323,0,,,,,
16,31,4,418,0,,,,,
8,39,4,458,1,,,,,
16,11,9,253,0,,,,,
18,21,5,335,0,,,,,
8,30,3,361,0,,,,,
16,45,3,551,1,,,,,
2,12,3,151,0,,,,,
5,30,6,367,0,,,,,
8,31,5,385,0,,,,,
4,13,2,164,0,,,,,
0,37,6,412,0,,,,,
6,5,7,129,0,,,,,
15,42,9,558,1,,,,,
6,49,9,583,1,,,,,
17,35,5,470,1,,,,,
5,37,2,409,0,,,,,
14,50,4,598,1,,,,,
2,18,2,204,0,,,,,
18,10,8,246,0,,,,,
5,31,6,377,0,,,,,
12,22,6,322,0,,,,,
19,11,7,254,0,,,,,
2,47,4,508,1,,,,,
17,27,3,376,0,,,,,
14,20,2,284,0,,,,,
6,26,7,339,0,,,,,
19,8,6,217,0,,,,,
2,49,7,549,1,,,,,
1,9,8,151,0,,,,,
9,16,3,226,0,,,,,
16,9,6,212,0,,,,,
14,44,10,580,1,,,,,
8,6,1,107,0,,,,,
4,38,4,428,0,,,,,
10,22,9,333,0,,,,,
4,39,6,452,1,,,,,
2,15,7,209,0,,,,,
2,11,1,127,0,,,,,
5,22,7,294,0,,,,,
17,40,8,541,1,,,,,
8,45,2,504,1,,,,,
1,27,6,317,0,,,,,
7,46,3,516,1,,,,,
1,34,3,366,0,,,,,
5,9,4,143,0,,,,,
16,40,1,487,1,,,,,
14,23,6,342,0,,,,,
13,38,8,501,1,,,,,
7,19,7,274,0,,,,,
13,27,1,342,0,,,,,
3,35,2,379,0,,,,,
15,30,6,417,0,,,,,
13,23,10,365,0,,,,,
2,22,1,237,0,,,,,
2,42,4,458,1,,,,,
12,17,2,244,0,,,,,
5,40,1,432,0,,,,,
5,42,8,501,1,,,,,
8,11,4,178,0,,,,,
2,36,9,433,0,,,,,
16,48,5,595,1,,,,,
2,38,10,460,1,,,,,
9,49,10,605,1,,,,,
3,50,1,522,1,,,,,
5,38,7,454,1,,,,,
11,20,9,318,0,,,,,
15,30,6,417,0,,,,,
19,38,3,496,1,,,,,
20,47,2,584,1,,,,,
5,41,4,463,1,,,,,
13,25,1,322,0,,,,,
14,27,9,403,0,,,,,
7,27,5,340,0,,,,,
13,19,3,276,0,,,,,
19,16,6,297,0,,,,,
2,33,2,354,0,,,,,
8,47,9,573,1,,,,,
8,18,3,241,0,,,,,
16,15,6,272,0,,,,,
16,18,9,323,0,,,,,
13,20,2,279,0,,,,,
18,40,9,553,1,,,,,
16,13,7,259,0,,,,,
12,33,8,446,0,,,,,
5,24,3,286,0,,,,,
20,27,5,405,0,,,,,
3,7,3,106,0,,,,,
13,26,4,353,0,,,,,
0,46,8,516,1,,,,,
3,22,8,291,0,,,,,
14,46,4,558,1,,,,,
11,14,7,244,0,,,,,
3,19,3,226,0,,,,,
8,36,1,407,0,,,,,
6,28,3,331,0,,,,,
3,47,10,555,1,,,,,
8,32,5,395,0,,,,,
20,22,7,369,0,,,,,
11,12,1,182,0,,,,,
8,20,3,261,0,,,,,
19,32,4,443,0,,,,,
9,24,7,334,0,,,,,
7,24,3,296,0,,,,,
20,28,8,436,0,,,,,
16,20,6,322,0,,,,,
4,47,5,525,1,,,,,
1,9,6,137,0,,,,,
8,36,7,449,0,,,,,
0,21,3,231,0,,,,,
1,48,4,513,1,,,,,
16,18,10,330,0,,,,,
20,21,5,345,0,,,,,
17,30,1,392,0,,,,,
15,25,9,388,0,,,,,
20,18,3,301,0,,,,,
19,43,10,595,1,,,,,
12,11,10,240,0,,,,,
10,47,3,541,1,,,,,
19,26,6,397,0,,,,,
18,47,1,567,1,,,,,
16,34,9,483,1,,,,,
4,48,7,549,1,,,,,
13,5,7,164,0,,,,,
10,39,10,510,1,,,,,
6,49,7,569,1,,,,,
4,41,10,500,1,,,,,
5,43,10,525,1,,,,,
7,47,4,533,1,,,,,
2,43,4,468,1,,,,,
11,8,1,142,0,,,,,
15,14,10,285,0,,,,,
16,45,3,551,1,,,,,
16,22,9,363,0,,,,,
18,45,9,603,1,,,,,
6,49,7,569,1,,,,,
18,38,9,533,1,,,,,
10,10,6,192,0,,,,,
19,23,3,346,0,,,,,
11,34,2,409,0,,,,,
0,16,2,174,0,,,,,
10,15,3,221,0,,,,,
18,45,2,554,1,,,,,
8,10,2,154,0,,,,,
7,7,9,168,0,,,,,
6,21,5,275,0,,,,,
12,36,6,462,1,,,,,
19,5,5,180,0,,,,,
5,13,9,218,0,,,,,
10,32,4,398,0,,,,,
0,26,7,309,0,,,,,
13,16,8,281,0,,,,,
2,32,1,337,0,,,,,
4,48,1,507,1,,,,,
3,45,1,472,1,,,,,
5,23,1,262,0,,,,,
1,44,3,466,1,,,,,
2,25,9,323,0,,,,,
5,13,6,197,0,,,,,
11,33,8,441,0,,,,,
0,21,5,245,0,,,,,
9,45,8,551,1,,,,,
16,44,1,527,1,,,,,
9,12,8,221,0,,,,,
5,7,3,116,0,,,,,
15,26,3,356,0,,,,,
3,19,8,261,0,,,,,
14,19,2,274,0,,,,,
3,41,4,453,1,,,,,
20,24,8,396,0,,,,,
9,5,1,102,0,,,,,
19,31,10,475,1,,,,,
9,50,3,566,1,,,,,
4,15,5,205,0,,,,,
7,30,4,363,0,,,,,
18,42,9,573,1,,,,,
5,39,10,485,1,,,,,
20,30,3,421,0,,,,,
9,35,2,409,0,,,,,
4,21,10,300,0,,,,,
2,5,3,81,0,,,,,
1,18,6,227,0,,,,,
8,47,1,517,1,,,,,
6,28,3,331,0,,,,,
0,28,1,287,0,,,,,
0,18,5,215,0,,,,,
18,45,3,561,1,,,,,
18,9,3,201,0,,,,,
2,14,1,157,0,,,,,
4,46,5,515,1,,,,,
8,49,10,600,1,,,,,
18,36,3,471,1,,,,,
17,33,8,471,1,,,,,
11,29,9,408,0,,,,,
13,28,7,394,0,,,,,
4,28,9,363,0,,,,,
17,47,6,597,1,,,,,
4,6,4,108,0,,,,,
10,20,3,271,0,,,,,
3,7,3,106,0,,,,,
13,5,4,143,0,,,,,
20,43,4,558,1,,,,,
16,25,9,393,0,,,,,
18,5,5,175,0,,,,,
8,24,1,287,0,,,,,
10,8,10,200,0,,,,,
15,31,6,427,0,,,,,
5,24,2,279,0,,,,,
6,20,9,293,0,,,,,
8,18,3,241,0,,,,,
20,29,10,460,1,,,,,
12,23,5,325,0,,,,,
9,5,7,144,0,,,,,
11,48,2,549,1,,,,,
1,33,4,363,0,,,,,
10,49,6,582,1,,,,,
5,38,4,433,0,,,,,
14,48,6,592,1,,,,,
18,15,2,254,0,,,,,
6,49,8,576,1,,,,,
9,27,2,329,0,,,,,
8,14,6,222,0,,,,,
10,25,1,307,0,,,,,
7,10,1,142,0,,,,,
3,30,4,343,0,,,,,
2,6,10,140,0,,,,,
13,18,1,252,0,,,,,
9,42,2,479,1,,,,,
1,39,10,465,1,,,,,
15,32,4,423,0,,,,,
13,11,7,224,0,,,,,
1,38,3,406,0,,,,,
9,12,7,214,0,,,,,
6,50,3,551,1,,,,,
18,41,10,570,1,,,,,
19,42,7,564,1,,,,,
8,32,1,367,0,,,,,
13,15,10,285,0,,,,,
13,50,3,586,1,,,,,
20,26,10,430,0,,,,,
10,46,10,580,1,,,,,
17,28,9,428,0,,,,,
13,40,3,486,1,,,,,
6,8,7,159,0,,,,,
17,33,1,422,0,,,,,
8,26,4,328,0,,,,,
10,6,5,145,0,,,,,
18,30,4,418,0,,,,,
12,38,10,510,1,,,,,
15,47,5,580,1,,,,,
9,33,5,410,0,,,,,
2,46,10,540,1,,,,,
0,31,2,324,0,,,,,
12,16,9,283,0,,,,,
6,44,8,526,1,,,,,
12,44,9,563,1,,,,,
20,22,7,369,0,,,,,
10,44,9,553,1,,,,,
3,10,5,150,0,,,,,
9,7,3,136,0,,,,,
9,48,1,532,1,,,,,
10,30,4,378,0,,,,,
17,49,5,610,1,,,,,
12,20,2,274,0,,,,,
18,18,3,291,0,,,,,
20,26,3,381,0,,,,,
3,16,4,203,0,,,,,
13,38,10,515,1,,,,,
6,8,8,166,0,,,,,
10,18,8,286,0,,,,,
2,45,8,516,1,,,,,
4,36,5,415,0,,,,,
9,16,2,219,0,,,,,
11,25,6,347,0,,,,,
14,28,8,406,0,,,,,
14,29,9,423,0,,,,,
3,34,8,411,0,,,,,
20,7,10,240,0,,,,,
11,33,4,413,0,,,,,
9,5,6,137,0,,,,,
6,40,3,451,1,,,,,
20,10,8,256,0,,,,,
6,29,10,390,0,,,,,
11,40,4,483,1,,,,,
0,38,4,408,0,,,,,
4,8,6,142,0,,,,,
17,38,4,493,1,,,,,
5,43,1,462,1,,,,,
5,42,6,487,1,,,,,
3,15,10,235,0,,,,,
1,9,5,130,0,,,,,
9,9,9,198,0,,,,,
17,15,7,284,0,,,,,
3,9,5,140,0,,,,,
8,23,2,284,0,,,,,
19,22,1,322,0,,,,,
2,6,4,98,0,,,,,
10,49,4,568,1,,,,,
6,44,3,491,1,,,,,
6,6,8,146,0,,,,,
13,26,2,339,0,,,,,
9,46,6,547,1,,,,,
11,42,1,482,1,,,,,
2,24,1,257,0,,,,,
3,37,5,420,0,,,,,
16,45,3,551,1,,,,,
5,46,10,555,1,,,,,
12,49,4,578,1,,,,,
0,44,6,482,1,,,,,
20,50,3,621,1,,,,,
8,39,2,444,0,,,,,
5,43,2,469,1,,,,,
5,50,7,574,1,,,,,
9,38,9,488,1,,,,,
9,28,2,339,0,,,,,
8,8,10,190,0,,,,,
4,37,2,404,0,,,,,
10,44,2,504,1,,,,,
13,5,1,122,0,,,,,
10,46,9,573,1,,,,,
7,10,8,191,0,,,,,
13,14,8,261,0,,,,,
2,25,3,281,0,,,,,
16,41,1,497,1,,,,,
10,32,7,419,0,,,,,
19,18,10,345,0,,,,,
17,42,3,526,1,,,,,
13,7,8,191,0,,,,,
2,36,7,419,0,,,,,
13,29,9,418,0,,,,,
1,14,7,194,0,,,,,
6,5,9,143,0,,,,,
8,34,6,422,0,,,,,
14,40,3,491,1,,,,,
8,34,6,422,0,,,,,
13,50,3,586,1,,,,,
2,28,1,297,0,,,,,
20,45,5,585,1,,,,,
5,28,9,368,0,,,,,
8,18,8,276,0,,,,,
16,50,8,636,1,,,,,
13,18,10,315,0,,,,,
9,26,3,326,0,,,,,
15,7,1,152,0,,,,,
17,23,7,364,0,,,,,
6,13,4,188,0,,,,,
16,35,6,472,1,,,,,
4,13,7,199,0,,,,,
1,13,2,149,0,,,,,
6,44,5,505,1,,,,,
8,44,6,522,1,,,,,
17,8,5,200,0,,,,,
13,21,4,303,0,,,,,
18,47,6,602,1,,,,,
19,29,6,427,0,,,,,
4,26,7,329,0,,,,,
18,39,5,515,1,,,,,
15,24,8,371,0,,,,,
17,23,10,385,0,,,,,
7,24,8,331,0,,,,,
0,27,9,333,0,,,,,
0,28,10,350,0,,,,,
9,18,8,281,0,,,,,
6,40,5,465,1,,,,,
17,49,10,645,1,,,,,
4,38,5,435,0,,,,,
6,31,9,403,0,,,,,
12,6,9,183,0,,,,,
3,44,7,504,1,,,,,
18,43,8,576,1,,,,,
10,7,9,183,0,,,,,
1,41,5,450,0,,,,,
0,29,1,297,0,,,,,
20,43,9,593,1,,,,,
17,20,3,306,0,,,,,
18,39,2,494,1,,,,,
11,26,5,350,0,,,,,
6,30,8,386,0,,,,,
6,21,5,275,0,,,,,
10,23,2,294,0,,,,,
4,41,2,444,0,,,,,
19,10,1,202,0,,,,,
1,45,9,518,1,,,,,
5,14,5,200,0,,,,,
3,7,3,106,0,,,,,
6,22,3,271,0,,,,,
9,32,10,435,0,,,,,
8,39,10,500,1,,,,,
11,5,1,112,0,,,,,
5,19,1,222,0,,,,,
1,36,10,435,0,,,,,
11,44,8,551,1,,,,,
16,16,4,268,0,,,,,
4,42,10,510,1,,,,,
15,46,8,591,1,,,,,
5,37,10,465,1,,,,,
7,10,9,198,0,,,,,
18,14,3,251,0,,,,,
3,6,1,82,0,,,,,
14,17,5,275,0,,,,,
4,17,7,239,0,,,,,
14,48,5,585,1,,,,,
12,22,3,301,0,,,,,
5,30,4,353,0,,,,,
7,13,1,172,0,,,,,
6,28,6,352,0,,,,,
0,38,5,415,0,,,,,
10,49,5,575,1,,,,,
6,18,10,280,0,,,,,
16,39,6,512,1,,,,,
14,47,1,547,1,,,,,
20,36,8,516,1,,,,,
15,24,10,385,0,,,,,
19,31,8,461,1,,,,,
5,11,10,205,0,,,,,
5,5,4,103,0,,,,,
6,35,5,415,0,,,,,
17,21,3,316,0,,,,,
3,11,4,153,0,,,,,
11,24,8,351,0,,,,,
13,17,3,256,0,,,,,
4,25,7,319,0,,,,,
14,13,7,249,0,,,,,
6,32,4,378,0,,,,,
6,38,5,445,0,,,,,
2,11,2,134,0,,,,,
2,10,5,145,0,,,,,
19,44,10,605,1,,,,,
19,27,8,421,0,,,,,
15,21,7,334,0,,,,,
3,33,2,359,0,,,,,
19,21,2,319,0,,,,,
9,41,5,490,1,,,,,
17,23,4,343,0,,,,,
20,10,4,228,0,,,,,
17,42,7,554,1,,,,,
19,12,5,250,0,,,,,
11,20,9,318,0,,,,,
5,50,5,560,1,,,,,
14,24,1,317,0,,,,,
5,20,7,274,0,,,,,
5,50,4,553,1,,,,,
13,21,7,324,0,,,,,
12,50,5,595,1,,,,,
11,22,3,296,0,,,,,
8,40,4,468,1,,,,,
15,5,7,174,0,,,,,
17,24,7,374,0,,,,,
18,50,1,597,1,,,,,
6,32,2,364,0,,,,,
8,43,5,505,1,,,,,
14,49,5,595,1,,,,,
0,9,5,125,0,,,,,
19,11,9,268,0,,,,,
4,21,8,286,0,,,,,
19,23,8,381,0,,,,,
17,7,3,176,0,,,,,
7,27,5,340,0,,,,,
10,24,3,311,0,,,,,
5,40,7,474,1,,,,,
18,29,9,443,0,,,,,
15,37,7,494,1,,,,,
12,42,6,522,1,,,,,
1,39,6,437,0,,,,,
1,42,5,460,1,,,,,
2,37,6,422,0,,,,,
7,20,1,242,0,,,,,
6,31,6,382,0,,,,,
15,34,5,450,0,,,,,
7,33,8,421,0,,,,,
5,49,2,529,1,,,,,
4,43,2,464,1,,,,,
16,49,9,633,1,,,,,
12,7,10,200,0,,,,,
14,11,1,187,0,,,,,
5,39,9,478,1,,,,,
6,31,7,389,0,,,,,
12,40,9,523,1,,,,,
9,17,5,250,0,,,,,
11,39,1,452,1,,,,,
11,17,4,253,0,,,,,
2,13,4,168,0,,,,,
3,44,3,476,1,,,,,
10,26,3,331,0,,,,,
1,18,8,241,0,,,,,
17,28,7,414,0,,,,,
13,17,1,242,0,,,,,
5,5,3,96,0,,,,,
4,5,7,119,0,,,,,
5,50,3,546,1,,,,,
4,15,7,219,0,,,,,
12,19,5,285,0,,,,,
10,23,4,308,0,,,,,
5,15,7,224,0,,,,,
0,15,8,206,0,,,,,
4,23,9,313,0,,,,,
4,15,9,233,0,,,,,
6,31,4,368,0,,,,,
12,16,6,262,0,,,,,
13,48,8,601,1,,,,,
14,46,3,551,1,,,,,
13,30,3,386,0,,,,,
18,50,6,632,1,,,,,
17,13,1,222,0,,,,,
18,36,4,478,1,,,,,
11,8,1,142,0,,,,,
14,20,1,277,0,,,,,
14,8,5,185,0,,,,,
7,43,2,479,1,,,,,
12,25,1,317,0,,,,,
19,42,5,550,1,,,,,
10,24,6,332,0,,,,,
19,26,8,411,0,,,,,
15,11,3,206,0,,,,,
10,24,10,360,0,,,,,
13,16,8,281,0,,,,,
20,26,2,374,0,,,,,
2,31,2,334,0,,,,,
11,49,6,587,1,,,,,
20,30,5,435,0,,,,,
5,44,5,500,1,,,,,
19,5,6,187,0,,,,,
6,38,10,480,1,,,,,
8,10,5,175,0,,,,,
7,41,3,466,1,,,,,
17,49,10,645,1,,,,,
16,22,8,356,0,,,,,
11,21,10,335,0,,,,,
17,38,3,486,1,,,,,
18,16,7,299,0,,,,,
14,30,4,398,0,,,,,
10,42,5,505,1,,,,,
5,6,6,127,0,,,,,
17,38,10,535,1,,,,,
17,40,4,513,1,,,,,
11,13,5,220,0,,,,,
16,42,7,549,1,,,,,
13,12,6,227,0,,,,,
14,24,5,345,0,,,,,
20,35,5,485,1,,,,,
18,22,4,338,0,,,,,
7,28,5,350,0,,,,,
15,34,2,429,0,,,,,
0,30,7,349,0,,,,,
1,47,3,496,1,,,,,
3,49,6,547,1,,,,,
1,24,7,294,0,,,,,
15,41,4,513,1,,,,,
0,20,7,249,0,,,,,
1,29,2,309,0,,,,,
6,46,8,546,1,,,,,
11,38,10,505,1,,,,,
4,29,1,317,0,,,,,
20,23,7,379,0,,,,,
14,46,9,593,1,,,,,
10,44,2,504,1,,,,,
7,37,7,454,1,,,,,
8,10,8,196,0,,,,,
1,40,7,454,1,,,,,
14,50,6,612,1,,,,,
8,45,8,546,1,,,,,
16,37,4,478,1,,,,,
0,33,1,337,0,,,,,
14,12,7,239,0,,,,,
18,44,3,551,1,,,,,
17,27,3,376,0,,,,,
10,39,5,475,1,,,,,
18,39,7,529,1,,,,,
16,42,10,570,1,,,,,
9,19,2,249,0,,,,,
7,35,3,406,0,,,,,
18,44,6,572,1,,,,,
19,18,3,296,0,,,,,
18,34,1,437,0,,,,,
17,30,5,420,0,,,,,
15,9,6,207,0,,,,,
20,22,1,327,0,,,,,
2,22,4,258,0,,,,,
18,38,2,484,1,,,,,
20,5,6,192,0,,,,,
18,19,7,329,0,,,,,
1,17,5,210,0,,,,,
13,27,7,384,0,,,,,
13,15,1,222,0,,,,,
19,29,10,455,1,,,,,
13,49,4,583,1,,,,,
4,10,3,141,0,,,,,
5,35,10,445,0,,,,,
11,50,10,625,1,,,,,
15,38,4,483,1,,,,,
19,25,2,359,0,,,,,
8,44,1,487,1,,,,,
11,41,8,521,1,,,,,
19,35,2,459,1,,,,,
18,38,5,505,1,,,,,
19,5,8,201,0,,,,,
9,19,1,242,0,,,,,
3,35,7,414,0,,,,,
14,45,7,569,1,,,,,
6,12,10,220,0,,,,,
1,46,3,486,1,,,,,
7,45,7,534,1,,,,,
16,45,5,565,1,,,,,
11,44,2,509,1,,,,,
13,20,7,314,0,,,,,
12,34,3,421,0,,,,,
17,34,5,460,1,,,,,
20,29,7,439,0,,,,,
5,38,10,475,1,,,,,
12,38,7,489,1,,,,,
10,41,2,474,1,,,,,
19,16,1,262,0,,,,,
14,21,4,308,0,,,,,
7,5,8,141,0,,,,,
18,16,9,313,0,,,,,
19,15,6,287,0,,,,,
16,40,4,508,1,,,,,
1,19,5,230,0,,,,,
18,14,4,258,0,,,,,
11,20,3,276,0,,,,,
18,49,7,629,1,,,,,
8,16,3,221,0,,,,,
8,27,5,345,0,,,,,
19,28,1,382,0,,,,,
20,40,7,549,1,,,,,
12,5,7,159,0,,,,,
20,10,2,214,0,,,,,
16,46,2,554,1,,,,,
20,38,2,494,1,,,,,
0,15,2,164,0,,,,,
11,5,4,133,0,,,,,
14,48,3,571,1,,,,,
5,22,5,280,0,,,,,
19,50,9,658,1,,,,,
12,26,6,362,0,,,,,
14,32,7,439,0,,,,,
11,25,8,361,0,,,,,
4,47,7,539,1,,,,,
20,32,2,434,0,,,,,
12,22,8,336,0,,,,,
15,29,10,435,0,,,,,
17,22,7,354,0,,,,,
0,32,10,390,0,,,,,
6,16,10,260,0,,,,,
18,34,7,479,1,,,,,
2,38,9,453,1,,,,,
10,12,2,184,0,,,,,
6,36,2,404,0,,,,,
16,50,5,615,1,,,,,
4,27,4,318,0,,,,,
17,44,2,539,1,,,,,
14,29,10,430,0,,,,,
14,42,5,525,1,,,,,
13,44,6,547,1,,,,,
7,14,2,189,0,,,,,
10,43,2,494,1,,,,,
3,41,6,467,1,,,,,
20,22,8,376,0,,,,,
18,11,10,270,0,,,,,
11,15,1,212,0,,,,,
6,33,8,416,0,,,,,
12,19,1,257,0,,,,,
1,7,7,124,0,,,,,
6,17,1,207,0,,,,,
2,10,10,180,0,,,,,
13,11,3,196,0,,,,,
18,5,10,210,0,,,,,
0,21,4,238,0,,,,,
19,22,7,364,0,,,,,
6,39,5,455,1,,,,,
4,21,5,265,0,,,,,
1,31,9,378,0,,,,,
17,29,2,389,0,,,,,
16,16,9,303,0,,,,,
15,39,2,479,1,,,,,
20,37,7,519,1,,,,,
20,38,8,536,1,,,,,
2,25,6,302,0,,,,,
14,29,2,374,0,,,,,
7,50,7,584,1,,,,,
18,31,5,435,0,,,,,
4,38,9,463,1,,,,,
6,46,6,532,1,,,,,
15,45,4,553,1,,,,,
18,41,5,535,1,,,,,
10,25,8,356,0,,,,,
0,21,9,273,0,,,,,
12,6,10,190,0,,,,,
18,22,7,359,0,,,,,
15,47,4,573,1,,,,,
14,21,6,322,0,,,,,
19,41,4,533,1,,,,,
9,32,10,435,0,,,,,
1,40,4,433,0,,,,,
5,48,10,575,1,,,,,
4,19,6,252,0,,,,,
20,34,2,454,1,,,,,
9,34,7,434,0,,,,,
15,20,5,310,0,,,,,
5,27,4,323,0,,,,,
1,42,7,474,1,,,,,
1,44,2,459,1,,,,,
6,28,6,352,0,,,,,
3,34,4,383,0,,,,,
17,26,10,415,0,,,,,
14,25,6,362,0,,,,,
13,8,1,152,0,,,,,
1,18,10,255,0,,,,,
16,22,5,335,0,,,,,
13,5,8,171,0,,,,,
10,7,5,155,0,,,,,
10,21,10,330,0,,,,,
7,29,1,332,0,,,,,
8,18,7,269,0,,,,,
11,33,2,399,0,,,,,
4,34,1,367,0,,,,,
6,13,4,188,0,,,,,
4,20,5,255,0,,,,,
17,36,2,459,1,,,,,
13,33,4,423,0,,,,,
6,31,5,375,0,,,,,
10,10,4,178,0,,,,,
13,47,4,563,1,,,,,
1,28,5,320,0,,,,,
18,5,1,147,0,,,,,
0,42,9,483,1,,,,,
11,26,3,336,0,,,,,
2,31,5,355,0,,,,,
20,38,2,494,1,,,,,
8,26,3,321,0,,,,,
8,47,7,559,1,,,,,
19,24,5,370,0,,,,,
17,8,4,193,0,,,,,
14,5,10,190,0,,,,,
15,28,10,425,0,,,,,
11,36,2,429,0,,,,,
12,8,1,147,0,,,,,
18,36,6,492,1,,,,,
13,11,2,189,0,,,,,
17,27,1,362,0,,,,,
11,11,2,179,0,,,,,
15,50,5,610,1,,,,,
7,24,4,303,0,,,,,
3,27,10,355,0,,,,,
16,23,3,331,0,,,,,
12,35,8,466,1,,,,,
12,37,9,493,1,,,,,
11,30,9,418,0,,,,,
7,6,2,109,0,,,,,
3,20,2,229,0,,,,,
2,23,5,275,0,,,,,
6,21,4,268,0,,,,,
18,26,2,364,0,,,,,
0,29,4,318,0,,,,,
16,38,3,481,1,,,,,
2,34,7,399,0,,,,,
15,24,2,329,0,,,,,
10,6,9,173,0,,,,,
0,14,4,168,0,,,,,
7,36,8,451,1,,,,,
4,40,8,476,1,,,,,
6,11,8,196,0,,,,,
11,12,8,231,0,,,,,
15,29,4,393,0,,,,,
19,37,5,500,1,,,,,
20,28,4,408,0,,,,,
1,20,5,240,0,,,,,
7,5,1,92,0,,,,,
2,12,9,193,0,,,,,
18,38,6,512,1,,,,,
3,9,7,154,0,,,,,
2,16,6,212,0,,,,,
14,45,8,576,1,,,,,
13,36,7,474,1,,,,,
20,27,3,391,0,,,,,
10,43,6,522,1,,,,,
10,39,5,475,1,,,,,
13,36,9,488,1,,,,,
13,5,2,129,0,,,,,
13,20,10,335,0,,,,,
5,47,9,558,1,,,,,
17,31,2,409,0,,,,,
0,7,8,126,0,,,,,
12,38,10,510,1,,,,,
6,27,3,321,0,,,,,
20,22,5,355,0,,,,,
18,35,2,454,1,,,,,
16,13,7,259,0,,,,,
13,37,8,491,1,,,,,
3,49,10,575,1,,,,,
11,19,1,252,0,,,,,
19,47,9,628,1,,,,,
6,46,3,511,1,,,,,
16,18,10,330,0,,,,,
17,24,9,388,0,,,,,
12,46,4,548,1,,,,,
0,9,4,118,0,,,,,
4,42,4,468,1,,,,,
7,6,5,130,0,,,,,
18,46,4,578,1,,,,,
20,26,1,367,0,,,,,
19,12,6,257,0,,,,,
4,12,2,154,0,,,,,
2,45,2,474,1,,,,,
8,13,10,240,0,,,,,
9,8,10,195,0,,,,,
19,19,5,320,0,,,,,
0,11,8,166,0,,,,,
0,36,8,416,0,,,,,
3,7,1,92,0,,,,,
18,32,4,438,0,,,,,
15,25,8,381,0,,,,,
19,8,2,189,0,,,,,
14,24,8,366,0,,,,,
4,38,4,428,0,,,,,
5,42,10,515,1,,,,,
18,35,5,475,1,,,,,
8,24,4,308,0,,,,,
7,20,4,263,0,,,,,
5,47,3,516,1,,,,,
11,14,7,244,0,,,,,
8,39,3,451,1,,,,,
14,13,4,228,0,,,,,
2,36,2,384,0,,,,,
11,10,9,218,0,,,,,
20,6,8,216,0,,,,,
10,28,4,358,0,,,,,
15,12,9,258,0,,,,,
17,36,5,480,1,,,,,
20,25,5,385,0,,,,,
15,24,2,329,0,,,,,
9,27,7,364,0,,,,,
11,43,2,499,1,,,,,
5,25,3,296,0,,,,,
3,9,4,133,0,,,,,
16,10,8,236,0,,,,,
10,46,5,545,1,,,,,
20,15,1,257,0,,,,,
9,11,9,218,0,,,,,
0,9,8,146,0,,,,,
20,46,2,574,1,,,,,
3,45,5,500,1,,,,,
9,5,8,151,0,,,,,
15,6,8,191,0,,,,,
7,33,9,428,0,,,,,
8,39,5,465,1,,,,,
13,49,8,611,1,,,,,
0,16,8,216,0,,,,,
19,45,2,559,1,,,,,
9,49,9,598,1,,,,,
4,43,5,485,1,,,,,
18,45,6,582,1,,,,,
20,49,1,597,1,,,,,
16,16,1,247,0,,,,,
10,24,7,339,0,,,,,
20,38,8,536,1,,,,,
2,9,7,149,0,,,,,
4,41,1,437,0,,,,,
11,22,5,310,0,,,,,
5,42,3,466,1,,,,,
17,39,7,524,1,,,,,
6,46,1,497,1,,,,,
14,31,10,450,0,,,,,
12,27,8,386,0,,,,,
3,44,2,469,1,,,,,
19,9,9,248,0,,,,,
5,48,7,554,1,,,,,
16,11,6,232,0,,,,,
0,33,6,372,0,,,,,
17,26,5,380,0,,,,,
20,19,3,311,0,,,,,
20,48,5,615,1,,,,,
3,34,10,425,0,,,,,
19,24,7,384,0,,,,,
15,15,3,246,0,,,,,
20,25,3,371,0,,,,,
7,29,4,353,0,,,,,
14,5,8,176,0,,,,,
15,30,4,403,0,,,,,
5,9,8,171,0,,,,,
20,10,7,249,0,,,,,
4,20,8,276,0,,,,,
9,22,10,335,0,,,,,
1,10,3,126,0,,,,,
17,12,1,212,0,,,,,
12,42,7,529,1,,,,,
0,41,7,459,1,,,,,
13,30,10,435,0,,,,,
2,43,3,461,1,,,,,
18,25,3,361,0,,,,,
17,28,1,372,0,,,,,
10,48,4,558,1,,,,,
17,30,4,413,0,,,,,
18,44,9,593,1,,,,,
14,20,8,326,0,,,,,
8,40,5,475,1,,,,,
1,15,4,183,0,,,,,
2,37,2,394,0,,,,,
15,48,10,625,1,,,,,
13,9,6,197,0,,,,,
20,31,9,473,1,,,,,
4,26,5,315,0,,,,,
17,20,3,306,0,,,,,
4,39,3,431,0,,,,,
6,12,7,199,0,,,,,
12,29,3,371,0,,,,,
3,34,5,390,0,,,,,
18,17,9,323,0,,,,,
0,33,10,400,0,,,,,
18,30,4,418,0,,,,,
7,27,5,340,0,,,,,
13,6,3,146,0,,,,,
16,14,9,283,0,,,,,
5,33,9,418,0,,,,,
10,6,9,173,0,,,,,
9,49,7,584,1,,,,,
17,24,9,388,0,,,,,
8,27,7,359,0,,,,,
1,18,8,241,0,,,,,
13,34,2,419,0,,,,,
6,8,8,166,0,,,,,
4,9,4,138,0,,,,,
14,50,9,633,1,,,,,
19,23,8,381,0,,,,,
19,7,1,172,0,,,,,
14,34,3,431,0,,,,,
4,33,9,413,0,,,,,
16,27,4,378,0,,,,,
16,9,9,233,0,,,,,
1,39,10,465,1,,,,,
8,48,9,583,1,,,,,
13,10,6,207,0,,,,,
18,12,10,280,0,,,,,
5,35,2,389,0,,,,,
7,19,1,232,0,,,,,
14,33,3,421,0,,,,,
20,34,9,503,1,,,,,
10,17,6,262,0,,,,,
7,21,10,315,0,,,,,
7,25,10,355,0,,,,,
12,7,8,186,0,,,,,
13,15,6,257,0,,,,,
11,47,3,546,1,,,,,
9,19,1,242,0,,,,,
0,9,5,125,0,,,,,
18,14,6,272,0,,,,,
5,16,9,248,0,,,,,
6,41,3,461,1,,,,,
2,22,6,272,0,,,,,
17,31,10,465,1,,,,,
14,42,2,504,1,,,,,
1,45,9,518,1,,,,,
2,42,8,486,1,,,,,
1,19,1,202,0,,,,,
0,49,10,560,1,,,,,
16,38,4,488,1,,,,,
13,6,4,153,0,,,,,
7,12,6,197,0,,,,,
5,47,7,544,1,,,,,
13,50,7,614,1,,,,,
8,9,7,179,0,,,,,
3,8,8,151,0,,,,,
7,33,3,386,0,,,,,
0,32,10,390,0,,,,,
7,36,1,402,0,,,,,
17,49,5,610,1,,,,,
4,19,9,273,0,,,,,
1,33,1,342,0,,,,,
9,31,1,362,0,,,,,
7,36,5,430,0,,,,,
9,5,8,151,0,,,,,
6,5,7,129,0,,,,,
16,16,8,296,0,,,,,
2,23,8,296,0,,,,,
0,31,2,324,0,,,,,
4,26,6,322,0,,,,,
9,11,5,190,0,,,,,
10,30,2,364,0,,,,,
2,29,1,307,0,,,,,
6,19,5,255,0,,,,,
11,47,3,546,1,,,,,
8,8,9,183,0,,,,,
2,34,8,406,0,,,,,
14,12,2,204,0,,,,,
7,50,3,556,1,,,,,
15,50,9,638,1,,,,,
4,5,4,98,0,,,,,
1,31,10,385,0,,,,,
6,42,9,513,1,,,,,
1,14,3,166,0,,,,,
20,50,8,656,1,,,,,
18,43,5,555,1,,,,,
14,43,9,563,1,,,,,
2,7,2,94,0,,,,,
7,45,8,541,1,,,,,
6,42,10,520,1,,,,,
13,32,4,413,0,,,,,
4,13,10,220,0,,,,,
4,8,6,142,0,,,,,
9,25,6,337,0,,,,,
7,40,2,449,0,,,,,
4,28,7,349,0,,,,,
12,45,6,552,1,,,,,
7,24,7,324,0,,,,,
9,6,6,147,0,,,,,
4,22,9,303,0,,,,,
5,48,9,568,1,,,,,
15,27,6,387,0,,,,,
16,29,3,391,0,,,,,
2,27,10,350,0,,,,,
10,28,4,358,0,,,,,
11,6,8,171,0,,,,,
4,42,1,447,0,,,,,
13,13,4,223,0,,,,,
9,35,6,437,0,,,,,
1,24,9,308,0,,,,,
6,46,2,504,1,,,,,
4,26,7,329,0,,,,,
3,39,3,426,0,,,,,
9,34,8,441,0,,,,,
16,38,7,509,1,,,,,
2,48,1,497,1,,,,,
15,43,4,533,1,,,,,
14,15,10,290,0,,,,,
20,22,7,369,0,,,,,
16,18,6,302,0,,,,,
20,16,4,288,0,,,,,
10,18,2,244,0,,,,,
10,22,9,333,0,,,,,
10,44,2,504,1,,,,,
3,35,5,400,0,,,,,
6,21,2,254,0,,,,,
17,47,5,590,1,,,,,
15,21,3,306,0,,,,,
3,29,6,347,0,,,,,
9,16,3,226,0,,,,,
9,11,6,197,0,,,,,
20,41,8,566,1,,,,,
18,36,4,478,1,,,,,
11,40,7,504,1,,,,,
12,20,8,316,0,,,,,
11,29,1,352,0,,,,,
18,25,2,354,0,,,,,
10,32,9,433,0,,,,,
20,7,3,191,0,,,,,
8,14,6,222,0,,,,,
10,48,1,537,1,,,,,
0,33,9,393,0,,,,,
20,39,8,546,1,,,,,
9,22,6,307,0,,,,,
16,42,6,542,1,,,,,
10,46,2,524,1,,,,,
18,21,1,307,0,,,,,
11,22,10,345,0,,,,,
14,7,1,147,0,,,,,
14,14,8,266,0,,,,,
12,7,10,200,0,,,,,
4,8,3,121,0,,,,,
10,24,2,304,0,,,,,
0,48,6,522,1,,,,,
13,44,1,512,1,,,,,
6,26,2,304,0,,,,,
17,23,4,343,0,,,,,
4,37,1,397,0,,,,,
2,18,3,211,0,,,,,
10,14,7,239,0,,,,,
20,19,7,339,0,,,,,
4,38,9,463,1,,,,,
4,17,2,204,0,,,,,
3,35,4,393,0,,,,,
10,16,8,266,0,,,,,
19,49,1,592,1,,,,,
5,13,7,204,0,,,,,
17,7,3,176,0,,,,,
20,31,4,438,0,,,,,
16,10,7,229,0,,,,,
16,38,4,488,1,,,,,
19,23,2,339,0,,,,,
20,11,6,252,0,,,,,
17,13,2,229,0,,,,,
4,10,7,169,0,,,,,
13,42,9,548,1,,,,,
5,37,10,465,1,,,,,
18,26,2,364,0,,,,,
2,23,10,310,0,,,,,
6,23,2,274,0,,,,,
6,14,2,184,0,,,,,
13,38,10,515,1,,,,,
9,38,3,446,0,,,,,
16,32,7,449,0,,,,,
13,7,9,198,0,,,,,
16,29,9,433,0,,,,,
8,18,10,290,0,,,,,
6,8,4,138,0,,,,,
7,38,3,436,0,,,,,
20,17,9,333,0,,,,,
20,39,5,525,1,,,,,
16,36,1,447,0,,,,,
12,19,3,271,0,,,,,
11,17,6,267,0,,,,,
1,26,10,335,0,,,,,
11,45,9,568,1,,,,,
16,26,8,396,0,,,,,
20,15,7,299,0,,,,,
2,34,6,392,0,,,,,
4,18,8,256,0,,,,,
11,40,10,525,1,,,,,
1,33,7,384,0,,,,,
0,47,9,533,1,,,,,
8,45,6,532,1,,,,,
3,6,3,96,0,,,,,
2,33,3,361,0,,,,,
14,15,6,262,0,,,,,
0,29,8,346,0,,,,,
10,18,9,293,0,,,,,
14,12,5,225,0,,,,,
9,34,5,420,0,,,,,
3,41,5,460,1,,,,,
0,50,3,521,1,,,,,
15,6,1,142,0,,,,,
19,41,6,547,1,,,,,
20,31,4,438,0,,,,,
9,33,7,424,0,,,,,
16,30,6,422,0,,,,,
1,36,7,414,0,,,,,
1,7,1,82,0,,,,,
20,39,7,539,1,,,,,
6,15,5,215,0,,,,,
11,48,7,584,1,,,,,
20,10,6,242,0,,,,,
13,25,1,322,0,,,,,
17,40,1,492,1,,,,,
9,37,9,478,1,,,,,
8,31,8,406,0,,,,,
13,7,1,142,0,,,,,
8,18,3,241,0,,,,,
14,25,1,327,0,,,,,
8,26,1,307,0,,,,,
3,38,8,451,1,,,,,
4,49,1,517,1,,,,,
15,23,10,375,0,,,,,
9,24,6,327,0,,,,,
13,22,4,313,0,,,,,
8,13,2,184,0,,,,,
5,26,1,292,0,,,,,
4,30,4,348,0,,,,,
18,36,1,457,1,,,,,
11,42,3,496,1,,,,,
13,6,1,132,0,,,,,
6,32,5,385,0,,,,,
11,29,1,352,0,,,,,
5,14,1,172,0,,,,,
13,44,5,540,1,,,,,
20,14,10,310,0,,,,,
13,32,9,448,0,,,,,
4,44,7,509,1,,,,,
10,26,8,366,0,,,,,
15,22,10,365,0,,,,,
9,25,9,358,0,,,,,
14,48,6,592,1,,,,,
19,28,6,417,0,,,,,
20,23,4,358,0,,,,,
14,39,6,502,1,,,,,
8,14,9,243,0,,,,,
1,38,8,441,0,,,,,
7,48,10,585,1,,,,,
12,36,7,469,1,,,,,
13,30,4,393,0,,,,,
14,21,2,294,0,,,,,
1,9,5,130,0,,,,,
7,30,8,391,0,,,,,
6,47,8,556,1,,,,,
17,37,9,518,1,,,,,
19,17,9,328,0,,,,,
19,22,7,364,0,,,,,
8,41,2,464,1,,,,,
0,38,2,394,0,,,,,
2,32,9,393,0,,,,,
20,13,1,237,0,,,,,
14,47,1,547,1,,,,,
7,41,2,459,1,,,,,
11,20,5,290,0,,,,,
18,49,3,601,1,,,,,
13,19,6,297,0,,,,,
0,46,1,467,1,,,,,
7,43,3,486,1,,,,,
1,45,2,469,1,,,,,
6,6,5,125,0,,,,,
13,47,2,549,1,,,,,
8,15,6,232,0,,,,,
2,38,2,404,0,,,,,
20,36,1,467,1,,,,,
3,43,7,494,1,,,,,
2,36,3,391,0,,,,,
1,32,8,381,0,,,,,
9,10,8,201,0,,,,,
9,46,8,561,1,,,,,
0,31,7,359,0,,,,,
13,5,6,157,0,,,,,
13,11,5,210,0,,,,,
17,40,6,527,1,,,,,
13,38,2,459,1,,,,,
15,23,2,319,0,,,,,
12,24,3,321,0,,,,,
4,17,10,260,0,,,,,
13,12,6,227,0,,,,,
8,43,6,512,1,,,,,
10,17,4,248,0,,,,,
5,12,7,194,0,,,,,
7,40,4,463,1,,,,,
8,42,7,509,1,,,,,
5,7,3,116,0,,,,,
15,47,7,594,1,,,,,
4,45,8,526,1,,,,,
12,23,10,360,0,,,,,
17,39,2,489,1,,,,,
19,47,4,593,1,,,,,
4,40,9,483,1,,,,,
11,42,7,524,1,,,,,
7,44,3,496,1,,,,,
6,17,7,249,0,,,,,
8,45,4,518,1,,,,,
18,40,10,560,1,,,,,
0,44,1,447,0,,,,,
11,22,8,331,0,,,,,
3,43,4,473,1,,,,,
13,39,3,476,1,,,,,
8,17,9,273,0,,,,,
1,10,1,112,0,,,,,
8,19,1,237,0,,,,,
1,16,10,235,0,,,,,
1,46,7,514,1,,,,,
6,37,5,435,0,,,,,
13,31,4,403,0,,,,,
9,6,1,112,0,,,,,
0,29,5,325,0,,,,,
5,27,1,302,0,,,,,
17,24,5,360,0,,,,,
7,7,4,133,0,,,,,
4,24,6,302,0,,,,,
3,7,6,127,0,,,,,
16,22,10,370,0,,,,,
16,21,4,318,0,,,,,
8,24,8,336,0,,,,,
20,15,9,313,0,,,,,
7,22,4,283,0,,,,,
1,26,5,300,0,,,,,
16,21,1,297,0,,,,,
1,7,2,89,0,,,,,
19,33,5,460,1,,,,,
4,40,4,448,0,,,,,
7,42,4,483,1,,,,,
11,29,1,352,0,,,,,
4,6,7,129,0,,,,,
16,38,5,495,1,,,,,
14,7,8,196,0,,,,,
3,16,2,189,0,,,,,
18,25,10,410,0,,,,,
15,10,1,182,0,,,,,
8,37,10,480,1,,,,,
16,13,3,231,0,,,,,
12,7,9,193,0,,,,,
11,45,2,519,1,,,,,
14,11,1,187,0,,,,,
13,15,1,222,0,,,,,
1,48,7,534,1,,,,,
17,17,1,262,0,,,,,
17,45,5,570,1,,,,,
0,9,2,104,0,,,,,
6,18,6,252,0,,,,,
2,19,1,207,0,,,,,
11,23,6,327,0,,,,,
12,5,10,180,0,,,,,
7,17,3,226,0,,,,,
3,26,4,303,0,,,,,
16,19,8,326,0,,,,,
15,11,9,248,0,,,,,
8,11,4,178,0,,,,,
9,25,6,337,0,,,,,
20,19,6,332,0,,,,,
8,35,5,425,0,,,,,
20,48,7,629,1,,,,,
20,35,3,471,1,,,,,
14,46,3,551,1,,,,,
7,39,7,474,1,,,,,
16,12,5,235,0,,,,,
11,12,6,217,0,,,,,
0,16,5,195,0,,,,,
3,8,4,123,0,,,,,
16,33,2,424,0,,,,,
17,45,8,591,1,,,,,
6,11,7,189,0,,,,,
15,25,2,339,0,,,,,
11,24,1,302,0,,,,,
9,8,8,181,0,,,,,
10,27,7,369,0,,,,,
6,40,7,479,1,,,,,
14,42,9,553,1,,,,,
7,26,1,302,0,,,,,
5,46,10,555,1,,,,,
18,17,9,323,0,,,,,
18,25,8,396,0,,,,,
18,10,4,218,0,,,,,
12,26,3,341,0,,,,,
0,49,7,539,1,,,,,
5,43,8,511,1,,,,,
8,30,2,354,0,,,,,
1,14,8,201,0,,,,,
19,30,8,451,1,,,,,
18,11,7,249,0,,,,,
18,21,2,314,0,,,,,
15,36,10,505,1,,,,,
7,48,2,529,1,,,,,
10,42,6,512,1,,,,,
5,21,4,263,0,,,,,
4,19,4,238,0,,,,,
8,13,8,226,0,,,,,
20,12,5,255,0,,,,,
12,7,8,186,0,,,,,
0,43,4,458,1,,,,,
2,49,3,521,1,,,,,
1,10,6,147,0,,,,,
9,19,3,256,0,,,,,
2,22,9,293,0,,,,,
5,42,7,494,1,,,,,
6,35,3,401,0,,,,,
7,11,10,215,0,,,,,
4,47,3,511,1,,,,,
12,44,10,570,1,,,,,
18,15,6,282,0,,,,,
17,39,3,496,1,,,,,
17,40,1,492,1,,,,,
14,6,2,144,0,,,,,
2,35,5,395,0,,,,,
7,11,10,215,0,,,,,
5,14,5,200,0,,,,,
16,47,7,599,1,,,,,
14,34,5,445,0,,,,,
4,33,7,399,0,,,,,
15,37,4,473,1,,,,,
18,46,6,592,1,,,,,
11,40,8,511,1,,,,,
0,32,3,341,0,,,,,
17,24,5,360,0,,,,,
18,28,3,391,0,,,,,
15,43,3,526,1,,,,,
10,42,6,512,1,,,,,
16,34,4,448,0,,,,,
9,20,9,308,0,,,,,
7,14,3,196,0,,,,,
3,23,4,273,0,,,,,
2,27,10,350,0,,,,,
9,37,1,422,0,,,,,
7,48,6,557,1,,,,,
9,21,10,325,0,,,,,
12,20,7,309,0,,,,,
10,21,4,288,0,,,,,
12,6,4,148,0,,,,,
11,37,3,446,0,,,,,
10,20,2,264,0,,,,,
2,37,10,450,0,,,,,
2,41,5,455,1,,,,,
1,29,8,351,0,,,,,
14,44,3,531,1,,,,,
17,41,9,558,1,,,,,
11,47,5,560,1,,,,,
7,44,6,517,1,,,,,
15,36,2,449,0,,,,,
14,8,2,164,0,,,,,
5,7,8,151,0,,,,,
13,40,10,535,1,,,,,
14,49,9,623,1,,,,,
10,7,3,141,0,,,,,
18,24,9,393,0,,,,,
3,45,6,507,1,,,,,
10,50,9,613,1,,,,,
11,35,10,475,1,,,,,
14,49,5,595,1,,,,,
16,19,1,277,0,,,,,
18,27,5,395,0,,,,,
16,20,3,301,0,,,,,
16,33,8,466,1,,,,,
7,40,5,470,1,,,,,
9,19,5,270,0,,,,,
3,36,3,396,0,,,,,
7,43,6,507,1,,,,,
13,6,10,195,0,,,,,
5,7,5,130,0,,,,,
6,25,3,301,0,,,,,
17,7,10,225,0,,,,,
15,30,10,445,0,,,,,
4,8,5,135,0,,,,,
1,46,1,472,1,,,,,
3,9,6,147,0,,,,,
13,43,9,558,1,,,,,
1,10,10,175,0,,,,,
10,42,1,477,1,,,,,
14,31,7,429,0,,,,,
5,14,9,228,0,,,,,
6,38,7,459,1,,,,,
1,10,5,140,0,,,,,
15,28,9,418,0,,,,,
11,19,1,252,0,,,,,
17,37,4,483,1,,,,,
11,25,5,340,0,,,,,
7,35,1,392,0,,,,,
14,21,6,322,0,,,,,
6,15,4,208,0,,,,,
0,11,8,166,0,,,,,
6,21,6,282,0,,,,,
17,18,8,321,0,,,,,
18,34,4,458,1,,,,,
17,29,3,396,0,,,,,
3,26,7,324,0,,,,,
19,38,5,510,1,,,,,
16,14,3,241,0,,,,,
4,7,2,104,0,,,,,
6,16,6,232,0,,,,,
17,48,9,628,1,,,,,
13,50,6,607,1,,,,,
5,22,1,252,0,,,,,
7,26,8,351,0,,,,,
6,37,1,407,0,,,,,
18,5,7,189,0,,,,,
14,49,2,574,1,,,,,
13,27,2,349,0,,,,,
10,38,6,472,1,,,,,
13,32,8,441,0,,,,,
14,25,7,369,0,,,,,
9,49,6,577,1,,,,,
5,24,5,300,0,,,,,
10,26,4,338,0,,,,,
15,13,2,219,0,,,,,
3,12,7,184,0,,,,,
4,19,3,231,0,,,,,
14,39,2,474,1,,,,,
1,33,3,356,0,,,,,
18,39,4,508,1,,,,,
11,5,1,112,0,,,,,
11,42,8,531,1,,,,,
1,39,7,444,0,,,,,
3,30,8,371,0,,,,,
16,38,8,516,1,,,,,
19,11,8,261,0,,,,,
15,21,4,313,0,,,,,
16,5,7,179,0,,,,,
19,41,6,547,1,,,,,
0,18,5,215,0,,,,,
13,35,3,436,0,,,,,
2,41,4,448,0,,,,,
1,22,8,281,0,,,,,
6,19,3,241,0,,,,,
11,16,10,285,0,,,,,
1,10,9,168,0,,,,,
8,16,1,207,0,,,,,
0,21,7,259,0,,,,,
5,19,1,222,0,,,,,
13,39,7,504,1,,,,,
10,36,7,459,1,,,,,
4,47,8,546,1,,,,,
8,47,2,524,1,,,,,
15,19,3,286,0,,,,,
16,47,8,606,1,,,,,
1,15,5,190,0,,,,,
9,46,4,533,1,,,,,
6,39,3,441,0,,,,,
13,39,2,469,1,,,,,
16,17,8,306,0,,,,,
11,47,1,532,1,,,,,
1,16,6,207,0,,,,,
12,48,5,575,1,,,,,
13,41,9,538,1,,,,,
20,26,2,374,0,,,,,
1,11,3,136,0,,,,,
10,14,7,239,0,,,,,
14,37,5,475,1,,,,,
16,47,6,592,1,,,,,
16,50,2,594,1,,,,,
14,19,5,295,0,,,,,
1,20,2,219,0,,,,,
5,5,8,131,0,,,,,
0,37,5,405,0,,,,,
1,26,1,272,0,,,,,
3,39,8,461,1,,,,,
5,36,10,455,1,,,,,
5,48,2,519,1,,,,,
0,47,9,533,1,,,,,
19,28,1,382,0,,,,,
13,45,4,543,1,,,,,
17,19,1,282,0,,,,,
4,35,1,377,0,,,,,
8,10,1,147,0,,,,,
5,28,5,340,0,,,,,
18,24,2,344,0,,,,,
0,35,1,357,0,,,,,
11,32,8,431,0,,,,,
2,50,3,531,1,,,,,
0,15,7,199,0,,,,,
10,34,8,446,0,,,,,
15,21,8,341,0,,,,,
3,25,10,335,0,,,,,
8,21,6,292,0,,,,,
20,7,5,205,0,,,,,
19,19,3,306,0,,,,,
19,5,5,180,0,,,,,
8,35,6,432,0,,,,,
10,24,1,297,0,,,,,
5,29,6,357,0,,,,,
17,47,5,590,1,,,,,
7,37,4,433,0,,,,,
12,19,1,257,0,,,,,
2,37,7,429,0,,,,,
15,10,8,231,0,,,,,
12,50,7,609,1,,,,,
3,7,4,113,0,,,,,
3,23,7,294,0,,,,,
1,24,4,273,0,,,,,
9,16,7,254,0,,,,,
10,16,4,238,0,,,,,
15,11,5,220,0,,,,,
13,9,7,204,0,,,,,
20,24,10,410,0,,,,,
19,37,7,514,1,,,,,
4,19,10,280,0,,,,,
1,46,7,514,1,,,,,
0,44,2,454,1,,,,,
13,13,2,209,0,,,,,
1,35,3,376,0,,,,,
14,40,1,477,1,,,,,
17,24,10,395,0,,,,,
19,41,5,540,1,,,,,
15,43,4,533,1,,,,,
9,12,7,214,0,,,,,
1,21,9,278,0,,,,,
16,50,10,650,1,,,,,
11,36,5,450,0,,,,,
19,11,3,226,0,,,,,
11,30,7,404,0,,,,,
10,10,9,213,0,,,,,
7,19,6,267,0,,,,,
17,42,6,547,1,,,,,
18,27,2,374,0,,,,,
7,17,8,261,0,,,,,
11,8,2,149,0,,,,,
4,40,8,476,1,,,,,
11,15,1,212,0,,,,,
1,32,1,332,0,,,,,
6,14,4,198,0,,,,,
9,46,1,512,1,,,,,
10,14,4,218,0,,,,,
7,36,6,437,0,,,,,
16,34,6,462,1,,,,,
11,15,2,219,0,,,,,
10,42,9,533,1,,,,,
6,5,8,136,0,,,,,
17,7,4,183,0,,,,,
19,6,8,211,0,,,,,
15,43,9,568,1,,,,,
9,21,2,269,0,,,,,
20,19,9,353,0,,,,,
17,21,5,330,0,,,,,
9,19,7,284,0,,,,,
13,26,9,388,0,,,,,
15,37,1,452,1,,,,,
13,28,9,408,0,,,,,
12,41,2,484,1,,,,,
7,44,10,545,1,,,,,
2,31,4,348,0,,,,,
2,18,4,218,0,,,,,
13,18,9,308,0,,,,,
1,24,3,266,0,,,,,
13,45,9,578,1,,,,,
0,29,1,297,0,,,,,
17,49,7,624,1,,,,,
8,42,3,481,1,,,,,
1,20,2,219,0,,,,,
0,41,10,480,1,,,,,
19,33,6,467,1,,,,,
19,6,5,190,0,,,,,
13,21,1,282,0,,,,,
11,30,6,397,0,,,,,
13,25,2,329,0,,,,,
9,14,6,227,0,,,,,
15,30,2,389,0,,,,,
4,10,10,190,0,,,,,
20,30,9,463,1,,,,,
12,49,8,606,1,,,,,
18,50,8,646,1,,,,,
18,28,9,433,0,,,,,
13,36,6,467,1,,,,,
10,48,10,600,1,,,,,
20,16,3,281,0,,,,,
10,25,7,349,0,,,,,
17,24,2,339,0,,,,,
11,43,8,541,1,,,,,
2,50,10,580,1,,,,,
10,36,7,459,1,,,,,
10,7,3,141,0,,,,,
14,36,4,458,1,,,,,
17,11,10,265,0,,,,,
5,27,7,344,0,,,,,
0,14,8,196,0,,,,,
1,36,7,414,0,,,,,
14,49,8,616,1,,,,,
17,25,9,398,0,,,,,
16,50,9,643,1,,,,,
9,49,8,591,1,,,,,
11,21,1,272,0,,,,,
3,25,5,300,0,,,,,
13,18,6,287,0,,,,,
11,18,10,305,0,,,,,
12,6,1,127,0,,,,,
12,38,2,454,1,,,,,
17,23,3,336,0,,,,,
0,19,1,197,0,,,,,
7,37,2,419,0,,,,,
15,30,10,445,0,,,,,
3,45,4,493,1,,,,,
9,15,8,251,0,,,,,
7,33,5,400,0,,,,,
4,28,5,335,0,,,,,
7,7,3,126,0,,,,,
4,45,5,505,1,,,,,
2,21,8,276,0,,,,,
0,32,2,334,0,,,,,
0,12,4,148,0,,,,,
16,26,3,361,0,,,,,
14,50,10,640,1,,,,,
18,22,3,331,0,,,,,
8,28,7,369,0,,,,,
11,34,2,409,0,,,,,
20,44,2,554,1,,,,,
8,42,2,474,1,,,,,
3,14,10,225,0,,,,,
1,26,9,328,0,,,,,
12,8,6,182,0,,,,,
19,42,9,578,1,,,,,
3,36,6,417,0,,,,,
19,28,9,438,0,,,,,
16,35,3,451,1,,,,,
18,24,6,372,0,,,,,
10,44,3,511,1,,,,,
1,40,1,412,0,,,,,
11,20,7,304,0,,,,,
1,15,6,197,0,,,,,
1,15,9,218,0,,,,,
10,34,4,418,0,,,,,
13,26,9,388,0,,,,,
17,31,3,416,0,,,,,
15,44,6,557,1,,,,,
1,9,8,151,0,,,,,
20,44,9,603,1,,,,,
18,19,10,350,0,,,,,
20,7,10,240,0,,,,,
18,38,6,512,1,,,,,
8,31,8,406,0,,,,,
16,34,2,434,0,,,,,
5,19,5,250,0,,,,,
19,21,3,326,0,,,,,
5,6,1,92,0,,,,,
12,15,4,238,0,,,,,
7,31,10,415,0,,,,,
13,16,10,295,0,,,,,
8,28,3,341,0,,,,,
0,32,6,362,0,,,,,
19,15,7,294,0,,,,,
9,10,2,159,0,,,,,
7,5,2,99,0,,,,,
3,26,2,289,0,,,,,
19,18,9,338,0,,,,,
0,36,10,430,0,,,,,
19,26,9,418,0,,,,,
0,34,3,361,0,,,,,
5,37,9,458,1,,,,,
5,35,6,417,0,,,,,
7,15,4,213,0,,,,,
12,11,8,226,0,,,,,
0,27,10,340,0,,,,,
0,43,7,479,1,,,,,
5,24,2,279,0,,,,,
15,35,2,439,0,,,,,
1,42,8,481,1,,,,,
1,47,9,538,1,,,,,
4,10,9,183,0,,,,,
15,13,3,226,0,,,,,
3,34,8,411,0,,,,,
10,7,5,155,0,,,,,
17,42,3,526,1,,,,,
10,5,5,135,0,,,,,
19,43,5,560,1,,,,,
17,16,4,273,0,,,,,
1,44,3,466,1,,,,,
6,18,6,252,0,,,,,
2,47,1,487,1,,,,,
0,17,7,219,0,,,,,
5,26,5,320,0,,,,,
1,31,2,329,0,,,,,
2,27,5,315,0,,,,,
1,29,2,309,0,,,,,
13,38,3,466,1,,,,,
9,17,1,222,0,,,,,
4,15,10,240,0,,,,,
18,21,5,335,0,,,,,
9,33,8,431,0,,,,,
2,31,1,327,0,,,,,
5,10,8,181,0,,,,,
20,50,10,670,1,,,,,
12,11,8,226,0,,,,,
18,23,7,369,0,,,,,
17,31,4,423,0,,,,,
6,39,6,462,1,,,,,
10,38,10,500,1,,,,,
1,16,3,186,0,,,,,
10,22,6,312,0,,,,,
11,32,8,431,0,,,,,
17,37,10,525,1,,,,,
18,5,4,168,0,,,,,
2,10,1,117,0,,,,,
12,34,3,421,0,,,,,
5,30,5,360,0,,,,,
0,5,7,99,0,,,,,
6,21,5,275,0,,,,,
20,45,8,606,1,,,,,
11,5,7,154,0,,,,,
6,13,6,202,0,,,,,
15,37,5,480,1,,,,,
5,14,7,214,0,,,,,
8,36,8,456,1,,,,,
18,17,9,323,0,,,,,
13,48,9,608,1,,,,,
17,38,8,521,1,,,,,
17,48,5,600,1,,,,,
9,19,1,242,0,,,,,
2,26,6,312,0,,,,,
20,42,2,534,1,,,,,
5,50,1,532,1,,,,,
2,20,2,224,0,,,,,
6,27,4,328,0,,,,,
15,13,4,233,0,,,,,
17,22,5,340,0,,,,,
7,20,5,270,0,,,,,
16,14,2,234,0,,,,,
6,13,9,223,0,,,,,
17,44,1,532,1,,,,,
16,29,6,412,0,,,,,
5,19,1,222,0,,,,,
3,47,3,506,1,,,,,
20,7,10,240,0,,,,,
13,34,10,475,1,,,,,
13,39,4,483,1,,,,,
8,29,10,400,0,,,,,
19,50,5,630,1,,,,,
16,33,1,417,0,,,,,
7,20,5,270,0,,,,,
4,11,4,158,0,,,,,
0,25,10,320,0,,,,,
20,14,1,247,0,,,,,
20,25,4,378,0,,,,,
9,37,7,464,1,,,,,
7,17,8,261,0,,,,,
17,22,5,340,0,,,,,
6,41,5,475,1,,,,,
7,50,7,584,1,,,,,
0,31,9,373,0,,,,,
6,43,3,481,1,,,,,
15,19,1,272,0,,,,,
0,16,6,202,0,,,,,
19,30,7,444,0,,,,,
